380,384,388,392,396,400,404,408,412,416,420,424,428,432,436,440,444,448,452,456,460,464,468,472,476,480,484,488,492,496,500,504,508,512,516,520,524,528,532,536,540,544,548,552,556,560,564,568,572,576,580,584,588,592,596,600,604,608,612,616,620,624,628,632,636,640,644,648,652,656,660,664,668,672,676,680,684,688,692,696,700,704,708,712,716,720,724,728,732,736,740,744,748,752,756,760,764,768,772,776,780
0.0003936,0.000457,0.0005327,0.000604,0.0006814,0.0007406,0.0007907,0.0008434,0.0009022,0.000963,0.001019,0.001079,0.001141,0.001212,0.001265,0.001339,0.00141,0.001483,0.001553,0.001614,0.001688,0.00176,0.001839,0.00192,0.001994,0.002078,0.002157,0.002239,0.002325,0.002394,0.002464,0.002535,0.002602,0.002668,0.002734,0.002787,0.00285,0.002918,0.002981,0.003051,0.003127,0.003204,0.003284,0.003362,0.003422,0.003485,0.003539,0.003582,0.003621,0.003652,0.003673,0.003702,0.003716,0.003732,0.003746,0.003748,0.003744,0.003724,0.003691,0.003666,0.003629,0.003584,0.00353,0.003487,0.00343,0.003373,0.003293,0.003229,0.003165,0.003097,0.003012,0.002925,0.002837,0.002752,0.002668,0.00256,0.002464,0.002366,0.002265,0.002151,0.002061,0.001966,0.001874,0.001759,0.001667,0.001577,0.001492,0.001396,0.001314,0.001238,0.001156,0.001075,0.001009,0.0009443,0.0008885,0.0008329,0.0007877,0.0007556,0.0007165,0.0006775,0.0006691
0.0001327,0.0001989,0.0003444,0.0004977,0.0007986,0.001306,0.001656,0.001805,0.001949,0.002037,0.002062,0.002049,0.001997,0.002169,0.002308,0.002305,0.002326,0.002393,0.002417,0.002412,0.002412,0.002398,0.002459,0.002588,0.002507,0.002399,0.002306,0.002275,0.002323,0.002339,0.002327,0.002508,0.002605,0.002345,0.002144,0.002146,0.002149,0.002172,0.002246,0.002264,0.002353,0.002686,0.00258,0.002263,0.002098,0.002053,0.002238,0.002454,0.002382,0.002371,0.002248,0.00263,0.003685,0.003357,0.002534,0.002147,0.002007,0.001997,0.002122,0.002281,0.002237,0.002028,0.001906,0.001837,0.00178,0.001744,0.0017,0.001681,0.001679,0.001704,0.001732,0.001757,0.001848,0.001743,0.001542,0.001432,0.001298,0.001226,0.001289,0.001384,0.001376,0.00133,0.001276,0.001212,0.001135,0.001088,0.001069,0.00107,0.0011,0.00111,0.0011,0.001084,0.001072,0.001042,0.0008464,0.000641,0.0007964,0.0009901,0.001033,0.001029,0.001042
0.00007387,0.0001191,0.0002086,0.0003344,0.000638,0.001052,0.001357,0.001587,0.001786,0.001892,0.001914,0.001873,0.001796,0.001857,0.001955,0.00206,0.002163,0.002259,0.002293,0.002291,0.002302,0.002273,0.002245,0.002244,0.002235,0.00222,0.00214,0.002122,0.002167,0.002163,0.002113,0.00211,0.002106,0.00205,0.001985,0.001992,0.002007,0.002017,0.00202,0.002003,0.001978,0.001967,0.001955,0.001937,0.001892,0.001858,0.001829,0.001786,0.001762,0.001753,0.00176,0.001749,0.001698,0.001685,0.001676,0.00166,0.00165,0.001622,0.001589,0.001574,0.001556,0.001513,0.001479,0.001488,0.001497,0.001489,0.00146,0.001435,0.001399,0.001378,0.001399,0.0014,0.001379,0.001359,0.001339,0.001288,0.00117,0.001101,0.001149,0.001186,0.001185,0.00118,0.001174,0.001124,0.001045,0.001007,0.001002,0.001012,0.00104,0.001051,0.001045,0.001033,0.00102,0.0009803,0.0007734,0.0005461,0.0006412,0.0008412,0.0009287,0.0009354,0.0009385
0.00005809,0.00009554,0.0001721,0.0002725,0.0005062,0.0008184,0.001036,0.00119,0.001319,0.00138,0.00138,0.001334,0.001266,0.001296,0.00135,0.001408,0.001463,0.001513,0.001517,0.001499,0.001489,0.001454,0.001419,0.001401,0.001376,0.001351,0.001285,0.001257,0.001268,0.00125,0.001206,0.00119,0.001176,0.001133,0.001087,0.001079,0.001077,0.001072,0.001064,0.001046,0.001025,0.001009,0.0009943,0.0009763,0.0009454,0.0009198,0.0008965,0.0008674,0.0008482,0.0008363,0.0008346,0.000824,0.0007922,0.0007795,0.0007684,0.0007547,0.0007437,0.0007254,0.0007046,0.0006906,0.0006763,0.0006517,0.0006321,0.0006321,0.0006323,0.0006247,0.0006084,0.0005954,0.0005782,0.0005658,0.0005722,0.0005696,0.0005593,0.0005486,0.0005392,0.000516,0.0004679,0.000439,0.0004585,0.0004729,0.0004746,0.000474,0.000472,0.0004521,0.0004188,0.0004049,0.0004029,0.0004066,0.0004185,0.0004227,0.0004201,0.0004159,0.0004095,0.0003937,0.0003112,0.0002176,0.000258,0.0003375,0.0003741,0.0003818,0.0003868
0.0001795,0.0002999,0.0005385,0.0008686,0.001635,0.002662,0.003377,0.003882,0.004303,0.004502,0.004504,0.004353,0.004123,0.004214,0.004382,0.004561,0.004732,0.004891,0.004912,0.004863,0.004844,0.004746,0.004653,0.004614,0.004552,0.00448,0.004269,0.004179,0.004213,0.004151,0.003997,0.003943,0.003895,0.003752,0.003595,0.003571,0.003563,0.003543,0.003516,0.003453,0.003377,0.003323,0.003275,0.00322,0.003122,0.00304,0.002962,0.002863,0.002798,0.002758,0.002748,0.002711,0.002609,0.00257,0.002538,0.002494,0.002461,0.002402,0.002334,0.002296,0.002252,0.00217,0.002107,0.002105,0.002103,0.002078,0.002018,0.001969,0.001909,0.001866,0.001884,0.001875,0.001835,0.001799,0.001767,0.001688,0.001532,0.001442,0.001509,0.001565,0.00157,0.001574,0.001575,0.001528,0.001431,0.001393,0.001395,0.001419,0.001463,0.001485,0.00148,0.001467,0.001446,0.001387,0.001105,0.0007838,0.0009182,0.001201,0.001339,0.001375,0.001388
0.00009248,0.0001529,0.0002703,0.0004174,0.000759,0.001209,0.001517,0.001732,0.001914,0.002,0.001999,0.001935,0.001836,0.001877,0.001953,0.002031,0.002102,0.002166,0.002169,0.002143,0.00213,0.002082,0.002036,0.002014,0.001984,0.001949,0.001856,0.001817,0.001832,0.001806,0.001737,0.001712,0.001689,0.001626,0.001558,0.001547,0.001542,0.001534,0.001521,0.001492,0.001458,0.001431,0.001405,0.001377,0.001329,0.00129,0.001255,0.00121,0.00118,0.001162,0.001157,0.00114,0.001095,0.001078,0.001063,0.001045,0.001029,0.001002,0.0009734,0.0009558,0.0009364,0.0009024,0.0008747,0.0008743,0.0008735,0.0008617,0.0008371,0.0008152,0.0007898,0.0007729,0.0007787,0.0007734,0.0007577,0.0007418,0.0007275,0.000697,0.0006323,0.0005943,0.0006216,0.0006477,0.0006524,0.0006558,0.0006578,0.000637,0.0005992,0.0005824,0.0005834,0.0005922,0.0006125,0.0006214,0.0006182,0.0006164,0.0006084,0.000585,0.0004668,0.0003313,0.0003858,0.0005058,0.0005609,0.0005725,0.0005878
0.000009816,0.000009065,0.00001008,0.00001109,0.00002462,0.0001184,0.0002126,0.0001261,0.00005124,0.00004139,0.00004138,0.00004269,0.00009778,0.00036,0.0004597,0.0001912,0.00006272,0.0000567,0.00005858,0.00005924,0.00006157,0.00006329,0.00006453,0.00006718,0.0000782,0.0001306,0.0002218,0.0002567,0.0002134,0.0001556,0.0001083,0.00008753,0.0000796,0.00007346,0.00006913,0.0000701,0.00007382,0.00008691,0.0001474,0.0004132,0.001006,0.001392,0.0009185,0.0003779,0.0001698,0.0001124,0.00009926,0.000102,0.0001642,0.0003009,0.0003807,0.0004121,0.0004123,0.0003721,0.0003171,0.0002753,0.0004915,0.001565,0.001773,0.000924,0.0004563,0.0004201,0.0004271,0.0002997,0.0001615,0.0001189,0.0001269,0.0001559,0.0001533,0.0001305,0.0001282,0.0001175,0.0001015,0.00009224,0.0000874,0.00009375,0.0001074,0.0001103,0.0000986,0.00008338,0.0001105,0.0002081,0.000269,0.0001773,0.00008587,0.0000567,0.00005332,0.00005273,0.00005499,0.00005756,0.00005783,0.00005607,0.00005578,0.00005113,0.0000439,0.00003913,0.00003877,0.00004759,0.00005213,0.00004679,0.00004468
0.001643,0.001916,0.00242,0.00266,0.00341,0.004486,0.004898,0.00496,0.005092,0.005142,0.005047,0.004836,0.004591,0.004821,0.005091,0.00522,0.005417,0.005655,0.005715,0.005678,0.005678,0.005592,0.005524,0.005531,0.005523,0.005504,0.005319,0.005247,0.005293,0.005219,0.005052,0.005032,0.005028,0.004907,0.004757,0.004776,0.00481,0.004823,0.004842,0.004905,0.005098,0.005233,0.004995,0.004712,0.004509,0.004393,0.004308,0.004192,0.004149,0.00417,0.004203,0.004165,0.004011,0.003939,0.00388,0.003813,0.00388,0.004319,0.00434,0.003891,0.003616,0.003499,0.003421,0.003365,0.003302,0.003244,0.00316,0.003099,0.003007,0.002939,0.00297,0.002958,0.002907,0.002862,0.002826,0.00273,0.002504,0.002374,0.002488,0.002594,0.002633,0.002697,0.002731,0.0026,0.002388,0.002302,0.002298,0.002336,0.002415,0.002459,0.00246,0.002453,0.002437,0.00238,0.001926,0.00141,0.001658,0.002178,0.002479,0.002589,0.002651
0.01824,0.01927,0.02338,0.02558,0.03324,0.04431,0.04917,0.05147,0.05459,0.05683,0.05779,0.05771,0.05682,0.06095,0.06609,0.07089,0.07613,0.08183,0.08552,0.08788,0.09077,0.09194,0.09311,0.0953,0.09724,0.09839,0.09641,0.09708,0.1005,0.1016,0.1004,0.1014,0.1024,0.1008,0.09864,0.1,0.102,0.1035,0.1048,0.1049,0.1048,0.1056,0.1058,0.1055,0.1039,0.1028,0.102,0.1005,0.09995,0.1001,0.1012,0.1012,0.09884,0.09857,0.0985,0.09795,0.09783,0.09663,0.0951,0.09464,0.09393,0.09173,0.09015,0.09114,0.09221,0.09213,0.09101,0.08999,0.08835,0.08752,0.08946,0.09023,0.08951,0.08876,0.08809,0.08522,0.07784,0.07351,0.077,0.07972,0.07975,0.07953,0.07906,0.07581,0.07051,0.06789,0.06759,0.06821,0.07012,0.07097,0.07079,0.07049,0.06982,0.06751,0.05424,0.03835,0.04489,0.0591,0.06584,0.06663,0.06673
0.001139,0.001313,0.001782,0.002192,0.003157,0.004513,0.005241,0.005376,0.005572,0.005746,0.005792,0.005731,0.005708,0.006557,0.007192,0.007071,0.007265,0.007761,0.008074,0.008268,0.008497,0.008576,0.008635,0.008776,0.008884,0.008933,0.008705,0.008714,0.008968,0.009015,0.008879,0.008941,0.009007,0.008862,0.008665,0.00877,0.008927,0.009053,0.009169,0.009215,0.009413,0.009897,0.009771,0.009477,0.009339,0.009305,0.009282,0.009202,0.009231,0.009335,0.009361,0.009248,0.008976,0.008883,0.008793,0.008657,0.008537,0.008337,0.008115,0.007979,0.007832,0.007563,0.007349,0.007352,0.007365,0.007301,0.007145,0.007013,0.006844,0.006745,0.00685,0.006875,0.006795,0.006715,0.006643,0.006411,0.005839,0.005498,0.005753,0.005948,0.00594,0.005912,0.005877,0.005615,0.005206,0.004997,0.004962,0.004994,0.005136,0.005203,0.005181,0.005142,0.005093,0.004914,0.00394,0.002781,0.003248,0.004271,0.004752,0.004806,0.00485
0.003306,0.005718,0.01147,0.01794,0.02943,0.0428,0.04963,0.05327,0.05731,0.06001,0.06114,0.0609,0.05978,0.06382,0.06907,0.07429,0.07986,0.08577,0.08939,0.09169,0.09448,0.09557,0.09664,0.09875,0.1007,0.1019,0.09983,0.1004,0.1039,0.1048,0.1035,0.1045,0.1054,0.1037,0.1012,0.1026,0.1045,0.106,0.1072,0.1074,0.1074,0.1082,0.1081,0.1075,0.1057,0.1044,0.1033,0.1014,0.1006,0.1006,0.1015,0.1015,0.09901,0.0988,0.09876,0.09822,0.09811,0.0973,0.09585,0.09512,0.09429,0.09204,0.09039,0.0913,0.09238,0.09242,0.09122,0.09015,0.08848,0.0877,0.08972,0.09046,0.08975,0.08908,0.08853,0.08571,0.07817,0.07362,0.07718,0.0801,0.08014,0.07989,0.07952,0.07624,0.07088,0.06819,0.06783,0.06826,0.07009,0.07099,0.07057,0.07015,0.06939,0.0667,0.05282,0.03683,0.04339,0.05728,0.06372,0.06447,0.06474
0.00131,0.00151,0.002085,0.002612,0.003818,0.005421,0.006267,0.006645,0.007057,0.007302,0.007329,0.007184,0.006978,0.007485,0.008031,0.008321,0.00873,0.009252,0.009544,0.009683,0.009877,0.009893,0.009895,0.01,0.01007,0.0101,0.009828,0.009802,0.01004,0.01005,0.009844,0.009863,0.009893,0.00968,0.009407,0.00947,0.009581,0.009656,0.00973,0.009768,0.009897,0.0101,0.009907,0.009619,0.009359,0.009193,0.009038,0.008768,0.008619,0.008602,0.008613,0.008505,0.008224,0.00815,0.008087,0.007973,0.007913,0.007892,0.007731,0.007509,0.007327,0.007084,0.006892,0.006891,0.006907,0.006861,0.006728,0.006614,0.006464,0.006375,0.006492,0.006528,0.006465,0.006399,0.006341,0.00613,0.005584,0.005255,0.005499,0.005696,0.0057,0.005684,0.005651,0.005374,0.004964,0.004752,0.004708,0.004722,0.004833,0.004872,0.004836,0.00481,0.00478,0.004621,0.003707,0.00262,0.003057,0.004,0.004473,0.004575,0.004611
0.003659,0.00411,0.005228,0.006025,0.008264,0.01149,0.01325,0.01426,0.01542,0.01622,0.01656,0.01655,0.01629,0.01752,0.01899,0.02025,0.02164,0.02318,0.02411,0.02466,0.02534,0.02559,0.02582,0.02633,0.0268,0.0271,0.02657,0.02673,0.02767,0.02794,0.02761,0.02789,0.0282,0.0278,0.02725,0.02767,0.02822,0.02866,0.02911,0.02936,0.02965,0.03015,0.03019,0.03004,0.02962,0.02938,0.02914,0.02852,0.02819,0.02828,0.02862,0.02858,0.02804,0.02816,0.02833,0.02831,0.02837,0.02828,0.02791,0.02765,0.02738,0.02673,0.02625,0.02652,0.02685,0.02688,0.02658,0.02629,0.02585,0.02564,0.02627,0.02654,0.0264,0.02624,0.02609,0.02533,0.02313,0.02182,0.02291,0.02385,0.02394,0.02389,0.02379,0.02282,0.02117,0.02038,0.02028,0.02043,0.02094,0.02121,0.02115,0.02106,0.02087,0.02022,0.01617,0.0114,0.0133,0.01761,0.01962,0.0198,0.01981
0.002458,0.002578,0.003205,0.003624,0.004817,0.00649,0.007178,0.00727,0.007453,0.007536,0.007446,0.007234,0.006988,0.007533,0.008048,0.008153,0.008449,0.008929,0.009208,0.009345,0.009528,0.009539,0.00954,0.009638,0.009658,0.009634,0.009325,0.009256,0.009452,0.00943,0.009198,0.009195,0.009196,0.008927,0.008613,0.008621,0.008678,0.008705,0.008723,0.008664,0.008666,0.00886,0.008703,0.008419,0.008176,0.008006,0.007874,0.007679,0.007541,0.007473,0.007395,0.007279,0.007085,0.00691,0.006696,0.006497,0.006344,0.006133,0.005929,0.005789,0.005626,0.005366,0.005141,0.005075,0.005024,0.00492,0.004747,0.004598,0.004436,0.00431,0.004308,0.00425,0.004144,0.004026,0.003907,0.003696,0.003314,0.003066,0.003165,0.003254,0.003234,0.003201,0.00316,0.003004,0.002762,0.002632,0.002591,0.002597,0.002655,0.002672,0.002655,0.002622,0.002576,0.002491,0.002043,0.001489,0.001685,0.002185,0.00247,0.002595,0.002686
0.002391,0.002478,0.003004,0.003289,0.004204,0.005577,0.006119,0.006113,0.006193,0.006211,0.006086,0.005854,0.005619,0.006083,0.006482,0.006418,0.00653,0.006812,0.006936,0.006956,0.007013,0.006948,0.006875,0.006873,0.006805,0.006726,0.006453,0.006338,0.006411,0.006345,0.00613,0.006076,0.006027,0.005797,0.005542,0.005499,0.005492,0.005473,0.005457,0.005395,0.005412,0.005608,0.005447,0.005166,0.004982,0.004863,0.004774,0.004654,0.004568,0.004526,0.004441,0.004342,0.004241,0.004099,0.003915,0.003758,0.003637,0.00349,0.003354,0.003257,0.003149,0.002982,0.002834,0.002779,0.002733,0.002663,0.00255,0.002459,0.002367,0.002292,0.002284,0.002251,0.002196,0.002129,0.002055,0.001945,0.001747,0.001619,0.001681,0.001744,0.001744,0.001737,0.001729,0.001661,0.001538,0.00148,0.001472,0.001482,0.001521,0.001555,0.001566,0.001564,0.001564,0.00153,0.001288,0.0009726,0.001103,0.001431,0.00165,0.001755,0.001845
0.002414,0.002435,0.002854,0.002972,0.003505,0.004569,0.004997,0.004876,0.004843,0.004817,0.004699,0.004532,0.004325,0.004645,0.004971,0.004916,0.004869,0.004894,0.004868,0.004792,0.004746,0.004664,0.004669,0.004796,0.004638,0.004425,0.004203,0.004079,0.004106,0.00408,0.003966,0.004108,0.00422,0.00383,0.003469,0.003405,0.003371,0.003348,0.003403,0.003404,0.003613,0.004459,0.004178,0.003326,0.002976,0.002863,0.00309,0.003432,0.003512,0.003817,0.003505,0.003732,0.0055,0.005064,0.003596,0.002871,0.002604,0.002566,0.002741,0.00298,0.002908,0.002585,0.002405,0.002298,0.002195,0.002126,0.002063,0.002044,0.002064,0.002118,0.002168,0.002189,0.002318,0.002164,0.001825,0.001652,0.0015,0.001408,0.001478,0.001608,0.001617,0.001547,0.001463,0.001379,0.001289,0.001232,0.001215,0.001214,0.001242,0.001276,0.001287,0.001297,0.001297,0.00129,0.001133,0.0009354,0.001094,0.001372,0.001473,0.001552,0.001652
0.002321,0.002304,0.002645,0.002719,0.00325,0.004155,0.004458,0.004484,0.004585,0.004583,0.004455,0.004246,0.003979,0.004025,0.004181,0.004352,0.004512,0.004658,0.004679,0.004627,0.004601,0.004501,0.004393,0.004335,0.004254,0.00418,0.003975,0.003865,0.003885,0.003825,0.003666,0.003594,0.003541,0.003408,0.003246,0.003199,0.003178,0.003146,0.00311,0.003043,0.002961,0.002897,0.00284,0.002779,0.002681,0.002595,0.002516,0.002418,0.002351,0.002305,0.002292,0.002265,0.002169,0.002123,0.002088,0.002045,0.00201,0.001956,0.001895,0.001857,0.001818,0.001749,0.001687,0.001682,0.001683,0.001665,0.001621,0.001581,0.001535,0.001502,0.001516,0.001511,0.001482,0.001454,0.001431,0.001376,0.001249,0.001162,0.001211,0.00126,0.001265,0.001265,0.00126,0.001209,0.001124,0.001077,0.001066,0.001088,0.001124,0.00115,0.00116,0.001166,0.001173,0.001168,0.001005,0.0007654,0.0008489,0.001112,0.001297,0.001391,0.001454
0.003194,0.003203,0.003726,0.003869,0.004638,0.006014,0.006546,0.006505,0.006556,0.006539,0.006361,0.006081,0.005748,0.006002,0.006333,0.006392,0.006453,0.006564,0.006547,0.006445,0.006379,0.006226,0.006104,0.006073,0.00591,0.005737,0.00544,0.005276,0.005286,0.005192,0.004978,0.004951,0.004931,0.004647,0.00435,0.004276,0.004236,0.004187,0.004168,0.00411,0.004204,0.004709,0.00445,0.00384,0.003558,0.003421,0.003395,0.003405,0.003552,0.003895,0.003646,0.003374,0.003616,0.003299,0.002862,0.002679,0.002617,0.002616,0.002724,0.002869,0.002779,0.0025,0.00235,0.002295,0.00224,0.002184,0.002113,0.002076,0.002052,0.002043,0.00207,0.002032,0.001951,0.001861,0.001779,0.001694,0.001543,0.001458,0.001568,0.001745,0.001816,0.00183,0.001834,0.001801,0.001718,0.001694,0.001719,0.001784,0.001886,0.001975,0.002024,0.002054,0.002075,0.00207,0.00177,0.00133,0.001506,0.001986,0.002282,0.002427,0.00255
0.00321,0.003239,0.003816,0.00399,0.00475,0.006205,0.006792,0.006655,0.006647,0.006635,0.006489,0.006278,0.005995,0.006381,0.006776,0.00673,0.006689,0.006759,0.006753,0.006641,0.006544,0.006401,0.006393,0.006547,0.006326,0.006034,0.005717,0.005541,0.005565,0.005496,0.005336,0.005506,0.00564,0.005159,0.004704,0.00464,0.00462,0.004598,0.004669,0.004669,0.004844,0.005671,0.005388,0.004518,0.004103,0.003944,0.004074,0.004288,0.004407,0.004747,0.004377,0.004156,0.004803,0.004294,0.003508,0.003196,0.003108,0.003149,0.003394,0.00371,0.003648,0.003268,0.003044,0.002923,0.002815,0.002737,0.002646,0.002605,0.002593,0.002615,0.002668,0.002606,0.002487,0.002362,0.002247,0.002147,0.001978,0.0019,0.002084,0.002405,0.002555,0.002609,0.002655,0.002669,0.002597,0.002613,0.002702,0.002845,0.003037,0.0032,0.003288,0.003348,0.003373,0.003348,0.002813,0.00208,0.002399,0.003167,0.003555,0.003695,0.003825
0.0002753,0.0003037,0.0004031,0.0004499,0.0005097,0.0007333,0.000867,0.0007645,0.0006821,0.0006672,0.0006751,0.0007065,0.0007339,0.0009488,0.001088,0.000937,0.0007995,0.0007344,0.0007091,0.0006887,0.0006659,0.0006694,0.0007577,0.0009113,0.0008438,0.0007274,0.0006945,0.0006733,0.000681,0.0006947,0.0007238,0.0009038,0.001034,0.0008214,0.000654,0.0006458,0.0006427,0.0006535,0.0007283,0.0007798,0.0009751,0.001607,0.001462,0.0009112,0.0007189,0.0006873,0.0008792,0.001165,0.001291,0.001552,0.001328,0.001437,0.0025,0.002117,0.001243,0.0008907,0.0007911,0.0008404,0.00106,0.001315,0.001298,0.001076,0.0009714,0.0008956,0.0008188,0.0007825,0.000765,0.0007774,0.0008218,0.0008836,0.0009164,0.0009091,0.0009387,0.0008608,0.0007173,0.0006601,0.0006277,0.0006231,0.0006779,0.0007966,0.000834,0.0008029,0.0007646,0.0007446,0.0007358,0.0007342,0.0007416,0.0007557,0.0007901,0.0008235,0.0008404,0.0008443,0.0008495,0.0008461,0.0007581,0.0006422,0.0007302,0.0008674,0.0009026,0.0009074,0.0009336
0.00003436,0.00004086,0.00006114,0.00007724,0.0001021,0.0001687,0.0002232,0.0002148,0.0002055,0.0002098,0.000216,0.0002245,0.0002351,0.0003122,0.0003666,0.0003219,0.0002804,0.0002586,0.0002506,0.0002462,0.0002423,0.0002417,0.0002586,0.0002938,0.0002801,0.0002526,0.000242,0.0002387,0.0002451,0.0002501,0.0002567,0.0002996,0.0003342,0.0002874,0.0002491,0.000253,0.0002597,0.0002674,0.0002887,0.0003068,0.0003839,0.0006014,0.0005428,0.0003515,0.0002878,0.000278,0.0003226,0.00039,0.0004536,0.0005721,0.0004978,0.0004704,0.0006926,0.0005724,0.0003633,0.0002904,0.0002767,0.0003086,0.0003726,0.0004288,0.0004148,0.0003489,0.000318,0.000295,0.0002716,0.0002591,0.0002515,0.0002537,0.0002618,0.0002733,0.0002831,0.0002786,0.000277,0.0002552,0.0002235,0.0002086,0.0001944,0.0001921,0.0002159,0.0002609,0.0002823,0.0002878,0.0002897,0.0002898,0.0002847,0.0002898,0.0003044,0.0003247,0.0003515,0.000372,0.0003839,0.0003906,0.000393,0.0003861,0.000315,0.0002216,0.0002583,0.0003442,0.0003821,0.0003824,0.0003839
0.0006344,0.000659,0.0008178,0.0008883,0.001033,0.00141,0.001613,0.00148,0.001374,0.001354,0.001344,0.001342,0.001344,0.001649,0.001872,0.001685,0.001505,0.001403,0.001355,0.001318,0.001287,0.001266,0.001314,0.001433,0.001361,0.001238,0.001169,0.001135,0.001145,0.001144,0.001138,0.001266,0.001364,0.001165,0.0009976,0.0009862,0.000986,0.0009921,0.001047,0.001087,0.001334,0.002108,0.001893,0.001191,0.0009567,0.0009086,0.001041,0.001254,0.001484,0.001915,0.001632,0.001462,0.002139,0.001738,0.001067,0.0008342,0.0007859,0.0008531,0.001068,0.001307,0.001276,0.001043,0.0009338,0.0008579,0.0007805,0.0007395,0.0007124,0.0007192,0.0007489,0.0007898,0.0008173,0.0007935,0.0007712,0.0006943,0.0005889,0.0005363,0.0004961,0.0004868,0.0005467,0.0006718,0.0007237,0.0007141,0.0006974,0.0006897,0.0006796,0.000691,0.0007194,0.0007674,0.0008299,0.0008837,0.0009122,0.0009321,0.0009449,0.0009354,0.0007814,0.00057,0.0006522,0.0008669,0.0009798,0.001015,0.001048
0.0001273,0.0001635,0.0002505,0.0003016,0.00033,0.0005283,0.0006809,0.00053,0.0003945,0.0003719,0.0003925,0.0004526,0.0005243,0.000852,0.001057,0.0008078,0.0005698,0.0004264,0.0003668,0.0003394,0.0003089,0.0003167,0.0004264,0.000616,0.0005423,0.0004016,0.0003776,0.0003637,0.0003703,0.0003885,0.0004333,0.0006473,0.0008072,0.0005643,0.0003752,0.0003717,0.0003722,0.0003895,0.0004866,0.0005647,0.0008829,0.001841,0.001601,0.000767,0.0005003,0.0004622,0.0006857,0.001034,0.001299,0.001779,0.001435,0.001282,0.00228,0.001888,0.001007,0.0006507,0.0005655,0.0006721,0.0009954,0.001342,0.001307,0.0009978,0.0008612,0.0007581,0.0006544,0.0006022,0.0005773,0.0005963,0.0006574,0.0007374,0.0007782,0.000747,0.0007291,0.0006222,0.0004645,0.0003979,0.0003731,0.0003804,0.0004413,0.0005882,0.0006352,0.0005953,0.000542,0.000521,0.0005221,0.0005328,0.0005499,0.0005696,0.0006109,0.0006515,0.0006739,0.0006861,0.0006907,0.0006827,0.0005786,0.0004427,0.0005201,0.0006632,0.000705,0.0007074,0.0007299
0.002168,0.002164,0.002488,0.002599,0.003209,0.004246,0.004785,0.005097,0.005547,0.005921,0.006126,0.006261,0.006297,0.006829,0.007555,0.00839,0.009205,0.01009,0.01081,0.01129,0.01184,0.01227,0.01268,0.01308,0.01352,0.01413,0.0143,0.01472,0.01556,0.01607,0.01614,0.01645,0.01697,0.01716,0.01715,0.01762,0.01814,0.01857,0.01911,0.01952,0.0197,0.02001,0.02043,0.02076,0.02068,0.02053,0.02028,0.01974,0.01948,0.01981,0.02086,0.02159,0.02115,0.02124,0.02179,0.02233,0.02294,0.02332,0.02346,0.02379,0.02394,0.02337,0.02306,0.02417,0.02558,0.02646,0.02649,0.02645,0.0266,0.02712,0.02859,0.0296,0.02992,0.03019,0.03047,0.02979,0.02636,0.02386,0.02579,0.02814,0.02895,0.02974,0.03044,0.02897,0.02525,0.02357,0.0236,0.02485,0.02753,0.02964,0.03081,0.0315,0.03157,0.03076,0.02383,0.01412,0.01685,0.02578,0.03074,0.03137,0.03133
0.002187,0.002196,0.002529,0.002626,0.003258,0.004303,0.004838,0.005149,0.005581,0.005947,0.006161,0.006276,0.00631,0.006836,0.007572,0.008402,0.009216,0.01009,0.01081,0.01129,0.01183,0.01225,0.01265,0.01304,0.01347,0.01408,0.01425,0.01465,0.01549,0.016,0.01607,0.01636,0.01688,0.01707,0.01705,0.01752,0.01804,0.01846,0.01899,0.01938,0.01958,0.01987,0.02028,0.02061,0.02053,0.02038,0.02012,0.01959,0.01933,0.01966,0.0207,0.02142,0.02097,0.02106,0.0216,0.02213,0.02273,0.02311,0.02326,0.0236,0.02373,0.02316,0.02284,0.02395,0.02536,0.02622,0.02625,0.02622,0.02636,0.02688,0.02834,0.02933,0.02964,0.0299,0.03018,0.02951,0.0261,0.02361,0.02554,0.02788,0.02868,0.02946,0.03014,0.02867,0.025,0.02331,0.02334,0.02459,0.02724,0.02933,0.03048,0.03114,0.03124,0.03043,0.02357,0.01397,0.01658,0.02549,0.03039,0.03095,0.03092
0.001623,0.001597,0.001792,0.001832,0.002211,0.002869,0.003151,0.003263,0.003448,0.003573,0.003583,0.003538,0.003438,0.003604,0.003872,0.004168,0.004439,0.004713,0.004879,0.004943,0.00503,0.005061,0.005085,0.005113,0.00513,0.005204,0.005117,0.005124,0.005288,0.005343,0.005243,0.005234,0.005295,0.005254,0.00516,0.005218,0.005288,0.005335,0.005408,0.005442,0.005418,0.005418,0.005446,0.005456,0.005364,0.005258,0.005133,0.004944,0.004832,0.004847,0.005018,0.005127,0.004982,0.00495,0.004996,0.005038,0.005106,0.005129,0.005109,0.005134,0.005121,0.004968,0.004866,0.005038,0.005264,0.005378,0.005336,0.005285,0.005261,0.005301,0.00552,0.005645,0.00565,0.005656,0.005677,0.005538,0.004941,0.004534,0.004933,0.005405,0.005573,0.005728,0.005862,0.005621,0.005,0.004718,0.00474,0.004972,0.005444,0.005819,0.006014,0.006123,0.006141,0.005999,0.004711,0.002878,0.003381,0.005065,0.006034,0.006177,0.006191
0.00163,0.001606,0.001797,0.001838,0.002217,0.002872,0.003152,0.003258,0.003441,0.003564,0.003576,0.003528,0.003434,0.0036,0.003865,0.00416,0.004431,0.004703,0.004872,0.004933,0.005019,0.00505,0.005073,0.005104,0.00512,0.005192,0.005107,0.005113,0.005275,0.005331,0.005229,0.005216,0.005276,0.005236,0.005143,0.005198,0.005266,0.005308,0.00538,0.005413,0.005386,0.005386,0.005411,0.005422,0.005331,0.005223,0.005098,0.004912,0.004799,0.004811,0.00498,0.005088,0.004947,0.004916,0.004961,0.005,0.005067,0.005091,0.005072,0.005095,0.005082,0.004931,0.004831,0.005004,0.005225,0.005338,0.005301,0.00525,0.005226,0.005269,0.005486,0.005609,0.005618,0.005626,0.005644,0.005507,0.00491,0.004508,0.004917,0.005379,0.005548,0.005706,0.005845,0.005606,0.004989,0.004716,0.004737,0.004964,0.00544,0.005808,0.005996,0.006112,0.006134,0.005993,0.004701,0.002874,0.003395,0.005081,0.006026,0.006166,0.006194
0.003405,0.003286,0.003602,0.003581,0.004289,0.005396,0.005729,0.005814,0.006033,0.006131,0.006065,0.005885,0.005661,0.005897,0.006244,0.006617,0.006954,0.007277,0.0074,0.00739,0.007423,0.007377,0.007331,0.007299,0.007219,0.007174,0.006949,0.006905,0.00703,0.00697,0.006707,0.006611,0.006605,0.006464,0.006279,0.006273,0.006226,0.006169,0.00615,0.006099,0.006001,0.005915,0.005852,0.005767,0.005569,0.005361,0.005139,0.004864,0.004696,0.004689,0.004853,0.004938,0.004789,0.004717,0.004677,0.004647,0.004674,0.004689,0.004685,0.004713,0.004682,0.004514,0.00443,0.004617,0.004841,0.004959,0.004939,0.004902,0.004869,0.004909,0.005091,0.005182,0.005182,0.005177,0.005177,0.004978,0.004354,0.004018,0.004442,0.004839,0.004964,0.005075,0.005153,0.004916,0.004427,0.004246,0.004275,0.004492,0.004866,0.005134,0.005274,0.005341,0.005341,0.005193,0.003975,0.002505,0.003103,0.004545,0.00532,0.005475,0.005496
0.00165,0.001606,0.001763,0.001756,0.002135,0.002684,0.002861,0.002923,0.003049,0.003119,0.003108,0.003039,0.002954,0.003119,0.00333,0.003565,0.003791,0.004017,0.004133,0.004175,0.004245,0.004277,0.00431,0.004336,0.004347,0.004402,0.004357,0.004423,0.004584,0.00461,0.004494,0.004491,0.004567,0.004549,0.004494,0.004551,0.004561,0.004576,0.004645,0.004704,0.004717,0.004751,0.004811,0.004842,0.004757,0.00464,0.004463,0.004197,0.004046,0.004154,0.004538,0.004785,0.004679,0.004707,0.004851,0.005027,0.00524,0.005417,0.005536,0.005669,0.005662,0.005402,0.005343,0.005853,0.006492,0.006912,0.006973,0.007021,0.007202,0.007573,0.008196,0.008621,0.008833,0.009025,0.009202,0.008871,0.00739,0.006494,0.007352,0.00827,0.008613,0.009037,0.009371,0.008582,0.007022,0.006466,0.006483,0.007196,0.008481,0.009533,0.01029,0.01075,0.01082,0.01037,0.007422,0.003975,0.005377,0.008902,0.01091,0.01122,0.01119
0.02918,0.0292,0.03323,0.03425,0.0413,0.05367,0.05914,0.06144,0.06515,0.06758,0.06821,0.0677,0.06608,0.06946,0.07495,0.08091,0.08658,0.09231,0.09586,0.09758,0.09995,0.1009,0.1017,0.1032,0.1048,0.1065,0.1046,0.1049,0.1086,0.11,0.1086,0.1091,0.1104,0.1091,0.1068,0.108,0.11,0.1114,0.1129,0.1134,0.113,0.1134,0.1141,0.1143,0.1128,0.1114,0.1102,0.108,0.107,0.1074,0.1097,0.1112,0.109,0.109,0.1097,0.11,0.1108,0.1107,0.1098,0.1101,0.11,0.1078,0.1062,0.1086,0.1117,0.1132,0.1127,0.1122,0.1111,0.1109,0.1146,0.1168,0.1168,0.1167,0.1168,0.114,0.1035,0.0962,0.1023,0.1088,0.1104,0.1113,0.1121,0.1082,0.0996,0.09555,0.09582,0.09813,0.1032,0.1068,0.108,0.1087,0.1086,0.1059,0.08538,0.05678,0.06522,0.09084,0.1056,0.1082,0.1088
0.02961,0.02927,0.03323,0.03434,0.04148,0.05396,0.0594,0.06175,0.06549,0.06805,0.06864,0.0681,0.06642,0.06992,0.07545,0.08147,0.08714,0.09289,0.09661,0.09836,0.1007,0.1016,0.1024,0.1041,0.1055,0.1072,0.1055,0.1058,0.1094,0.1108,0.1094,0.11,0.1112,0.11,0.1076,0.1088,0.1108,0.1122,0.1138,0.1142,0.1139,0.1143,0.115,0.1152,0.1137,0.1123,0.111,0.1089,0.1079,0.1083,0.1107,0.1122,0.1099,0.1099,0.1107,0.1109,0.1116,0.1116,0.1107,0.111,0.1109,0.1087,0.107,0.1095,0.1126,0.1141,0.1136,0.1131,0.112,0.1119,0.1155,0.1178,0.1178,0.1177,0.1177,0.115,0.1044,0.0971,0.1031,0.1097,0.1113,0.1122,0.1131,0.1092,0.1006,0.09636,0.0965,0.09888,0.104,0.1075,0.1088,0.1095,0.1093,0.1068,0.08622,0.0571,0.0657,0.09214,0.1061,0.1085,0.1091
0.01528,0.01471,0.01628,0.01627,0.01895,0.02396,0.02565,0.02584,0.02653,0.02673,0.02615,0.0251,0.02372,0.02416,0.02531,0.02653,0.02759,0.02858,0.02881,0.02856,0.02849,0.02801,0.02751,0.02726,0.0269,0.02664,0.02553,0.02501,0.02528,0.02503,0.02413,0.02373,0.02351,0.02279,0.02185,0.02166,0.02164,0.02153,0.02142,0.02113,0.0207,0.02039,0.02013,0.01985,0.01927,0.01874,0.01824,0.01757,0.01716,0.01696,0.01706,0.01702,0.01646,0.01624,0.01612,0.01594,0.01585,0.01562,0.0153,0.01516,0.01499,0.01454,0.01417,0.01433,0.01456,0.01458,0.01435,0.01415,0.01388,0.01371,0.01399,0.0141,0.01396,0.01381,0.0137,0.01327,0.01205,0.01122,0.01188,0.01266,0.01288,0.01303,0.01317,0.01278,0.01189,0.01149,0.01155,0.01187,0.01252,0.01301,0.0132,0.01336,0.01343,0.01332,0.01109,0.007855,0.008858,0.01203,0.01401,0.01467,0.01506
0.02034,0.01974,0.02198,0.02215,0.02601,0.03312,0.03571,0.03623,0.03748,0.03803,0.03748,0.03625,0.03453,0.03546,0.03743,0.03952,0.04144,0.04328,0.04399,0.04393,0.04417,0.04379,0.04335,0.04327,0.04305,0.04297,0.04153,0.04101,0.04181,0.04173,0.04051,0.04013,0.04007,0.03915,0.03786,0.03781,0.03803,0.03808,0.03813,0.03787,0.03737,0.03708,0.03693,0.03667,0.03585,0.03508,0.03434,0.03331,0.0327,0.03253,0.03296,0.03315,0.03222,0.03195,0.03188,0.03167,0.03163,0.03132,0.03083,0.03068,0.03046,0.02964,0.02898,0.02945,0.03007,0.03024,0.02994,0.0296,0.02914,0.0289,0.02961,0.02996,0.02975,0.02954,0.02938,0.02854,0.02585,0.024,0.02544,0.02703,0.02738,0.0276,0.02775,0.02682,0.02474,0.02372,0.02376,0.02425,0.02544,0.02634,0.02663,0.02681,0.02688,0.0265,0.02173,0.01487,0.01684,0.0232,0.02701,0.02793,0.02856
0.01247,0.01255,0.0143,0.01489,0.01818,0.02396,0.02665,0.02802,0.03001,0.03151,0.03215,0.03227,0.03174,0.03371,0.03664,0.03984,0.04295,0.04619,0.04836,0.04952,0.05103,0.05182,0.05252,0.05357,0.05461,0.05575,0.05509,0.05549,0.05765,0.0586,0.05804,0.05849,0.05933,0.05886,0.05773,0.05851,0.05974,0.0606,0.06155,0.06194,0.06186,0.06218,0.06271,0.06297,0.0622,0.06154,0.06091,0.05974,0.05919,0.05949,0.06098,0.062,0.06089,0.06094,0.06144,0.06167,0.06219,0.06225,0.06187,0.06211,0.06216,0.06095,0.0601,0.06161,0.06353,0.06449,0.06438,0.06416,0.06365,0.06364,0.06581,0.0672,0.0673,0.06734,0.06744,0.06587,0.0597,0.05539,0.05895,0.06294,0.06389,0.06449,0.06494,0.06262,0.05757,0.05514,0.05529,0.05658,0.05953,0.06167,0.06237,0.0628,0.06273,0.06122,0.04925,0.03222,0.03693,0.05219,0.06067,0.06169,0.06194
0.005571,0.005314,0.005821,0.005774,0.006642,0.008342,0.008878,0.008874,0.009056,0.009081,0.008842,0.008441,0.007936,0.008037,0.008376,0.008738,0.00904,0.009303,0.009321,0.00918,0.009101,0.008895,0.008678,0.008543,0.008366,0.008229,0.007838,0.007619,0.007653,0.007536,0.007211,0.007047,0.006945,0.006702,0.006406,0.006335,0.006307,0.006251,0.0062,0.006095,0.005949,0.00583,0.005739,0.005637,0.005447,0.005265,0.00509,0.004871,0.004715,0.004631,0.004633,0.004607,0.004428,0.004348,0.004296,0.004231,0.004189,0.004113,0.004014,0.003962,0.0039,0.003768,0.003663,0.003696,0.00374,0.003726,0.003634,0.003555,0.003472,0.003416,0.00346,0.003461,0.003403,0.003357,0.003319,0.003226,0.00296,0.002825,0.003106,0.003493,0.003745,0.003994,0.00424,0.004342,0.004203,0.004251,0.004463,0.004803,0.005242,0.005613,0.005837,0.006026,0.006144,0.006139,0.005088,0.003498,0.004009,0.005619,0.006625,0.006915,0.007093
0.003487,0.003321,0.003635,0.003594,0.004143,0.005188,0.005505,0.005496,0.005603,0.005609,0.005459,0.005202,0.004883,0.004944,0.005147,0.005359,0.005536,0.005688,0.005685,0.005588,0.005529,0.005391,0.005249,0.005155,0.005034,0.004937,0.004694,0.004554,0.004563,0.004478,0.004269,0.004161,0.004087,0.003932,0.00375,0.003697,0.00367,0.003628,0.003588,0.003514,0.003416,0.003331,0.003262,0.003188,0.003063,0.002944,0.002828,0.002684,0.002584,0.002523,0.002512,0.002483,0.002372,0.002316,0.002274,0.002224,0.002191,0.002135,0.002074,0.002035,0.001993,0.001913,0.001846,0.001852,0.001866,0.001852,0.001802,0.001758,0.001707,0.001672,0.00169,0.001686,0.001656,0.001625,0.001597,0.001541,0.001396,0.001308,0.001406,0.001539,0.001618,0.001698,0.00179,0.001824,0.001773,0.001802,0.001905,0.00207,0.002279,0.002455,0.002574,0.002658,0.00272,0.002728,0.00228,0.001607,0.001824,0.00251,0.002946,0.003081,0.003195
0.003803,0.003631,0.003976,0.003931,0.004536,0.005692,0.006038,0.006031,0.006156,0.006179,0.00603,0.005763,0.005426,0.005515,0.00576,0.00602,0.006245,0.006443,0.006468,0.006379,0.006337,0.006203,0.006068,0.005983,0.005872,0.005783,0.005519,0.005377,0.005409,0.005333,0.005111,0.005005,0.00494,0.004769,0.004562,0.004516,0.004502,0.004474,0.004446,0.004378,0.004276,0.004189,0.004117,0.004044,0.003911,0.003781,0.003654,0.003494,0.003383,0.003325,0.003332,0.003316,0.003189,0.003132,0.003096,0.003051,0.003024,0.00297,0.002906,0.002872,0.00283,0.002731,0.002654,0.002681,0.002721,0.002721,0.002665,0.002615,0.002562,0.002528,0.002574,0.002586,0.002561,0.002533,0.002511,0.002428,0.002197,0.002054,0.002204,0.002395,0.002487,0.002584,0.002689,0.002693,0.002579,0.002578,0.002691,0.002886,0.003145,0.003358,0.00349,0.003584,0.003639,0.003623,0.002985,0.002066,0.002382,0.003294,0.003865,0.004043,0.004137
0.003627,0.003466,0.003802,0.003766,0.004357,0.00548,0.005827,0.005836,0.005973,0.006008,0.005876,0.005637,0.005327,0.005434,0.005694,0.005975,0.006218,0.006438,0.006488,0.006425,0.006405,0.006296,0.006182,0.006121,0.00603,0.005965,0.005714,0.005594,0.005656,0.005598,0.005388,0.005296,0.005245,0.005086,0.00489,0.00486,0.004861,0.004846,0.004834,0.004775,0.004682,0.004611,0.004556,0.004492,0.004358,0.00423,0.004104,0.00394,0.003832,0.003785,0.003814,0.003812,0.003681,0.003631,0.003606,0.003569,0.003555,0.003505,0.003441,0.003414,0.003375,0.003269,0.003188,0.003234,0.003298,0.003312,0.003261,0.003215,0.003158,0.00313,0.003202,0.003232,0.003207,0.003183,0.003165,0.003065,0.00277,0.002585,0.002773,0.003003,0.003108,0.003206,0.003311,0.003295,0.003119,0.003091,0.003205,0.003405,0.003694,0.003925,0.004057,0.004155,0.004215,0.004177,0.00342,0.002315,0.002681,0.003754,0.004393,0.004556,0.004653
0.0188,0.01835,0.02053,0.02071,0.02459,0.03151,0.03417,0.03502,0.03668,0.03769,0.03772,0.03707,0.03585,0.03745,0.04011,0.04302,0.04574,0.04843,0.04997,0.05059,0.0515,0.05173,0.05195,0.05244,0.05284,0.05345,0.05235,0.05234,0.05394,0.0544,0.05343,0.05341,0.05378,0.053,0.05176,0.0522,0.05287,0.05336,0.05391,0.05399,0.05368,0.05366,0.05382,0.05384,0.05297,0.05213,0.05126,0.04997,0.04931,0.04944,0.05059,0.05127,0.05018,0.05009,0.05035,0.05043,0.05078,0.05075,0.05037,0.05051,0.05043,0.04926,0.04849,0.04976,0.0513,0.05206,0.05185,0.05161,0.05117,0.05122,0.05292,0.05395,0.05396,0.05393,0.05397,0.05255,0.04735,0.04391,0.04699,0.05026,0.05115,0.05176,0.05227,0.05037,0.04616,0.04435,0.04451,0.04587,0.0486,0.05049,0.05133,0.05189,0.05189,0.05069,0.04044,0.0264,0.03085,0.04373,0.05104,0.05234,0.05263
0.01344,0.01283,0.01404,0.01388,0.0161,0.02018,0.02137,0.02138,0.02182,0.02187,0.02131,0.02036,0.01917,0.01949,0.02032,0.0212,0.02195,0.02261,0.02264,0.0223,0.0221,0.0216,0.02109,0.02077,0.02033,0.01997,0.01901,0.01849,0.01856,0.01823,0.0174,0.01698,0.01668,0.01603,0.01527,0.01504,0.01488,0.01468,0.0145,0.01421,0.01382,0.01349,0.01322,0.01293,0.01244,0.01199,0.01155,0.01101,0.01064,0.01043,0.01042,0.01032,0.009891,0.009676,0.009516,0.009323,0.009194,0.008984,0.008753,0.00861,0.008452,0.008128,0.007864,0.007913,0.007987,0.007948,0.00775,0.007577,0.007392,0.007263,0.007361,0.007352,0.007235,0.007114,0.007002,0.006732,0.006069,0.005658,0.006028,0.006462,0.006631,0.006801,0.006981,0.006901,0.00652,0.006417,0.006571,0.006893,0.007389,0.007773,0.008005,0.008168,0.008282,0.008269,0.006937,0.004992,0.005673,0.007694,0.009064,0.009601,0.009947
0.002324,0.002238,0.002462,0.002447,0.002858,0.003602,0.003834,0.003853,0.003955,0.003984,0.003899,0.003742,0.003541,0.003615,0.003784,0.003962,0.004116,0.004251,0.004276,0.004225,0.004197,0.004113,0.004027,0.00397,0.003894,0.003839,0.003668,0.00358,0.003604,0.003552,0.003405,0.003337,0.003299,0.003195,0.003073,0.00306,0.003059,0.003045,0.003032,0.00299,0.002925,0.002871,0.002829,0.002779,0.002681,0.002584,0.002484,0.002356,0.002268,0.002218,0.002219,0.002202,0.002107,0.002062,0.002034,0.001999,0.001976,0.001933,0.001882,0.001852,0.001817,0.001746,0.001693,0.001708,0.001729,0.001715,0.001665,0.001625,0.001584,0.001557,0.001577,0.001573,0.001546,0.001523,0.001503,0.001457,0.001326,0.001267,0.001416,0.001617,0.001767,0.001929,0.002098,0.002205,0.002188,0.002275,0.002451,0.002725,0.003046,0.003305,0.003487,0.003625,0.003701,0.003676,0.002965,0.001965,0.002329,0.003311,0.003889,0.004023,0.004098
0.002663,0.002634,0.002957,0.003027,0.003662,0.004734,0.005185,0.005385,0.00571,0.005929,0.005995,0.005959,0.005833,0.006172,0.006668,0.007209,0.007731,0.008263,0.008602,0.008774,0.008998,0.009103,0.009198,0.009337,0.009468,0.00965,0.009523,0.009582,0.009919,0.01005,0.009938,0.009996,0.01012,0.01004,0.00988,0.01004,0.01023,0.01039,0.01055,0.01062,0.0106,0.01064,0.01072,0.01076,0.0106,0.01045,0.01029,0.01003,0.009893,0.009934,0.01019,0.01035,0.01013,0.01013,0.0102,0.01024,0.01034,0.01035,0.01029,0.01034,0.01032,0.01009,0.009949,0.01024,0.01058,0.01074,0.01069,0.01063,0.01056,0.0106,0.01097,0.01118,0.01119,0.0112,0.01123,0.01095,0.009867,0.009207,0.009963,0.01081,0.01115,0.01146,0.01175,0.01151,0.01068,0.01042,0.01065,0.0112,0.01206,0.0127,0.01306,0.01329,0.01334,0.01305,0.01027,0.006576,0.007855,0.01128,0.01317,0.01344,0.0135
0.00577,0.005763,0.006566,0.006789,0.008332,0.01086,0.01196,0.01254,0.01341,0.01406,0.01433,0.01436,0.0142,0.01516,0.01651,0.01798,0.01941,0.0209,0.0219,0.02251,0.02321,0.02361,0.02399,0.0245,0.02499,0.02559,0.02535,0.02564,0.02668,0.02714,0.02694,0.02718,0.02761,0.02745,0.02707,0.02755,0.02813,0.0286,0.02912,0.02937,0.02938,0.02956,0.02982,0.02997,0.02959,0.02922,0.02881,0.02815,0.02784,0.02804,0.02885,0.02935,0.02878,0.02882,0.02907,0.02923,0.02958,0.02965,0.02953,0.02971,0.02972,0.02906,0.02869,0.02955,0.0306,0.03113,0.03103,0.03093,0.03076,0.0309,0.03203,0.03272,0.03278,0.03283,0.03294,0.03208,0.02886,0.02688,0.02901,0.03129,0.03209,0.03278,0.03338,0.0324,0.02981,0.02887,0.02931,0.03056,0.03271,0.0343,0.03506,0.03554,0.03564,0.0347,0.02715,0.01732,0.02076,0.02989,0.03476,0.03532,0.03534
0.01231,0.01177,0.01286,0.0127,0.01487,0.01859,0.01964,0.01967,0.0201,0.02014,0.01965,0.01876,0.0177,0.01806,0.01885,0.01967,0.02039,0.021,0.02102,0.02071,0.02054,0.02009,0.01963,0.01936,0.01897,0.01861,0.01772,0.01729,0.01738,0.01705,0.01629,0.01594,0.01569,0.01509,0.01443,0.01429,0.01419,0.01405,0.01392,0.01367,0.01335,0.01309,0.01286,0.0126,0.01215,0.01172,0.01128,0.01075,0.01038,0.01018,0.01018,0.01008,0.009668,0.009469,0.009309,0.009121,0.009,0.008806,0.008579,0.008452,0.008295,0.007982,0.007749,0.007815,0.007887,0.007835,0.007628,0.007452,0.007255,0.00713,0.007213,0.007187,0.007076,0.006964,0.006868,0.006616,0.006004,0.005712,0.006238,0.006909,0.007342,0.007791,0.00827,0.008434,0.008207,0.008334,0.008774,0.009483,0.01035,0.01107,0.0115,0.01181,0.01199,0.01191,0.009619,0.006622,0.007823,0.01089,0.01269,0.01325,0.01355
0.0043,0.004202,0.004646,0.004647,0.005569,0.007018,0.007457,0.007567,0.007824,0.007924,0.007817,0.007556,0.007235,0.007513,0.007926,0.008349,0.008747,0.009121,0.00923,0.009172,0.009168,0.009058,0.008946,0.008877,0.008725,0.008609,0.008289,0.00819,0.008288,0.008145,0.007744,0.007561,0.007477,0.007227,0.006914,0.006807,0.006657,0.006503,0.0064,0.006287,0.006143,0.006019,0.00588,0.005722,0.005468,0.005211,0.004951,0.004653,0.004468,0.004437,0.004554,0.004609,0.004449,0.004345,0.004256,0.004178,0.004175,0.004189,0.004182,0.004192,0.004148,0.003986,0.003895,0.004035,0.004216,0.00431,0.004297,0.004265,0.004222,0.004241,0.004394,0.004471,0.004468,0.00446,0.004446,0.004269,0.003721,0.003387,0.00368,0.003962,0.004015,0.004042,0.004053,0.003825,0.003424,0.003251,0.003238,0.003341,0.003563,0.003726,0.003813,0.003854,0.003861,0.003761,0.002966,0.001956,0.002318,0.003313,0.003926,0.004117,0.004235
0.00008294,0.00009756,0.0001244,0.0001533,0.0002197,0.0006148,0.00115,0.000843,0.0004915,0.0004912,0.0005584,0.0006303,0.0009334,0.002443,0.003426,0.001901,0.0009671,0.0009193,0.000957,0.000987,0.001018,0.001039,0.001058,0.001073,0.001072,0.001078,0.001078,0.001079,0.001077,0.001061,0.001045,0.001039,0.001039,0.001053,0.001082,0.001125,0.001201,0.001305,0.001434,0.001612,0.002228,0.003718,0.003555,0.002655,0.002617,0.002781,0.00293,0.003049,0.003233,0.003474,0.003368,0.00308,0.002897,0.002766,0.00262,0.002455,0.002276,0.002073,0.00189,0.001716,0.001548,0.001382,0.001226,0.001099,0.0009783,0.0008688,0.0007578,0.0006728,0.0006007,0.0005344,0.0004703,0.0004124,0.0003677,0.0003273,0.000292,0.0002551,0.0002313,0.0002162,0.000195,0.0001702,0.0001547,0.0001446,0.0001337,0.000124,0.0001134,0.0001054,0.00009837,0.00009043,0.00008827,0.00008728,0.00008104,0.00007363,0.00007258,0.00007176,0.00007893,0.00008069,0.00006819,0.00007507,0.0000896,0.00008465,0.00009327
0.00004416,0.00005239,0.00006277,0.00007012,0.0001116,0.0003957,0.0007841,0.0005328,0.000242,0.0002175,0.0002447,0.0002745,0.000471,0.001516,0.002185,0.00109,0.0004219,0.0003726,0.0003856,0.0003947,0.0004032,0.0004096,0.0004154,0.0004195,0.0004176,0.00042,0.000418,0.0004188,0.0004198,0.0004123,0.0004036,0.0004053,0.0004125,0.0004269,0.0004515,0.0004904,0.0005557,0.0006411,0.0007519,0.0009057,0.00141,0.002606,0.002528,0.0019,0.001949,0.002161,0.002369,0.002565,0.002812,0.00311,0.003086,0.002886,0.00278,0.0027,0.002596,0.002466,0.002313,0.002127,0.001955,0.001788,0.001621,0.001455,0.001295,0.001159,0.001035,0.00092,0.0008004,0.0007086,0.0006262,0.0005526,0.0004804,0.0004191,0.0003706,0.0003269,0.0002862,0.0002483,0.0002235,0.0002011,0.0001781,0.000153,0.0001364,0.000123,0.00011,0.00009944,0.00008844,0.00008258,0.00007441,0.00006547,0.00006343,0.00005893,0.0000554,0.00004748,0.0000419,0.00004072,0.00004425,0.00004057,0.00003365,0.00004654,0.00004375,0.00004238,0.00004547
0.0002289,0.0002704,0.0003214,0.0003662,0.0004117,0.0004455,0.0004736,0.000504,0.0005383,0.000575,0.0006073,0.0006461,0.0006848,0.0007242,0.0007573,0.0008046,0.000847,0.0008941,0.0009387,0.000975,0.00102,0.001068,0.001118,0.001169,0.001216,0.00127,0.00132,0.001372,0.001426,0.001473,0.001519,0.001565,0.001607,0.001651,0.001698,0.001734,0.001778,0.001823,0.001868,0.001919,0.001972,0.002025,0.002081,0.002136,0.002175,0.002217,0.002257,0.00229,0.002319,0.002347,0.002367,0.00239,0.002405,0.00242,0.002432,0.002439,0.002441,0.002434,0.002419,0.002407,0.002386,0.002362,0.002332,0.002308,0.002276,0.002242,0.002192,0.002157,0.002119,0.002076,0.002025,0.00197,0.001918,0.001864,0.00181,0.001745,0.001684,0.001621,0.001559,0.001486,0.001426,0.001365,0.001304,0.001229,0.001169,0.001115,0.001057,0.0009854,0.0009292,0.0008784,0.0008209,0.0007597,0.0007194,0.0006758,0.0006327,0.0005926,0.0005573,0.0005284,0.0005095,0.0004824,0.0004566
0.0000938,0.00009975,0.0001111,0.0001216,0.0001435,0.0001701,0.0002084,0.0002672,0.0003509,0.0004539,0.0005592,0.0006571,0.00073,0.0007944,0.0008419,0.0008956,0.0009371,0.0009749,0.001008,0.001038,0.001078,0.001114,0.001156,0.001198,0.001233,0.001277,0.001319,0.001363,0.001412,0.001458,0.001506,0.001555,0.001602,0.001653,0.001705,0.001748,0.0018,0.001855,0.001905,0.001959,0.002014,0.002066,0.002119,0.002175,0.002223,0.002276,0.002331,0.002385,0.002437,0.002486,0.002532,0.002588,0.002645,0.002698,0.002748,0.002798,0.002848,0.002897,0.002934,0.00298,0.003023,0.003072,0.003117,0.003169,0.003211,0.003254,0.003297,0.003354,0.003413,0.003468,0.003521,0.003583,0.003637,0.003701,0.003776,0.003873,0.003971,0.004086,0.004209,0.004367,0.004532,0.004678,0.004837,0.005026,0.005202,0.005369,0.005544,0.005724,0.005884,0.006055,0.006192,0.006327,0.006459,0.006579,0.006699,0.006805,0.006915,0.007022,0.00715,0.007217,0.007299
0.0001648,0.0002213,0.0003618,0.0004636,0.0005948,0.0009626,0.001204,0.001167,0.001145,0.001167,0.001191,0.001223,0.001233,0.001462,0.001615,0.001485,0.001389,0.001397,0.001409,0.001412,0.001412,0.001431,0.001572,0.001821,0.001716,0.001538,0.001475,0.001439,0.001465,0.001505,0.001541,0.001839,0.002054,0.001697,0.001417,0.001406,0.001407,0.001434,0.00156,0.001621,0.001786,0.002417,0.002297,0.00174,0.001496,0.001444,0.001791,0.00226,0.002168,0.002166,0.001951,0.002556,0.004649,0.004231,0.002692,0.001949,0.001688,0.001682,0.001923,0.002228,0.002185,0.001861,0.001679,0.001548,0.001431,0.001374,0.001318,0.001306,0.001347,0.001426,0.001468,0.001529,0.001749,0.001619,0.001263,0.001116,0.001014,0.0009517,0.001001,0.00112,0.001128,0.00106,0.0009901,0.0009201,0.0008349,0.0007737,0.0007463,0.0007555,0.0008095,0.000868,0.0008892,0.0008869,0.0008773,0.0008513,0.000719,0.0005952,0.0007631,0.0009357,0.0008962,0.000878,0.0009168
0.00005163,0.00007231,0.0001209,0.0001818,0.00032,0.0005238,0.0006731,0.0007764,0.0008706,0.0009283,0.0009471,0.0009361,0.0009034,0.0009454,0.001008,0.001065,0.001124,0.001188,0.001222,0.001236,0.001256,0.001256,0.001255,0.001274,0.001275,0.001267,0.001223,0.001212,0.001242,0.001247,0.001221,0.001231,0.001247,0.001215,0.001175,0.001183,0.001202,0.001214,0.001227,0.001223,0.001218,0.001238,0.001233,0.001207,0.001175,0.001157,0.001155,0.00115,0.001133,0.001131,0.001131,0.001148,0.001189,0.001164,0.001108,0.001082,0.001073,0.001058,0.001044,0.001044,0.00103,0.0009935,0.0009646,0.0009636,0.0009664,0.0009598,0.0009322,0.000911,0.0008982,0.0008986,0.0009271,0.0009426,0.0009477,0.0009362,0.0009147,0.0008842,0.0008128,0.0007591,0.0007751,0.000802,0.0008125,0.0008216,0.0008294,0.0007853,0.0006916,0.0006465,0.0006433,0.000666,0.0007215,0.0007658,0.0007866,0.0007935,0.0007889,0.0007652,0.0006204,0.000438,0.0005027,0.0006561,0.0007265,0.0007292,0.0007288
0.0002235,0.0003063,0.0005019,0.0006803,0.001057,0.001686,0.00212,0.002304,0.002478,0.0026,0.002646,0.002641,0.002584,0.002801,0.003024,0.003082,0.003161,0.003298,0.003363,0.00338,0.003421,0.003426,0.003494,0.003646,0.003599,0.003501,0.003384,0.003353,0.003443,0.003486,0.003447,0.0036,0.00373,0.003484,0.003256,0.003258,0.003287,0.003321,0.003404,0.003422,0.003501,0.003888,0.003794,0.003425,0.003233,0.003169,0.003383,0.003657,0.003533,0.003503,0.003411,0.003929,0.005523,0.005298,0.004135,0.003515,0.003273,0.00319,0.003272,0.003417,0.003349,0.00309,0.002937,0.002872,0.002811,0.002765,0.002677,0.002623,0.00262,0.002665,0.002749,0.002819,0.002971,0.002865,0.002597,0.002436,0.002229,0.002082,0.002135,0.00225,0.00227,0.002254,0.002238,0.002119,0.00189,0.001765,0.001745,0.001804,0.001963,0.002086,0.002147,0.002173,0.002158,0.002098,0.001721,0.001258,0.00149,0.001908,0.002027,0.002035,0.00205
0.0001604,0.0002227,0.0003518,0.0005076,0.0008701,0.001385,0.001745,0.002004,0.002238,0.002376,0.002419,0.002393,0.002314,0.002414,0.002571,0.002736,0.002897,0.003061,0.003141,0.003169,0.003216,0.003205,0.003187,0.003212,0.003229,0.00323,0.003128,0.00311,0.003194,0.003207,0.003137,0.003135,0.003149,0.003091,0.003002,0.003019,0.00306,0.003086,0.003103,0.003082,0.003041,0.003024,0.003016,0.002996,0.002933,0.002883,0.002838,0.00277,0.002739,0.002735,0.002756,0.002726,0.002594,0.002567,0.002597,0.002619,0.002628,0.002591,0.002537,0.002513,0.002485,0.002416,0.002357,0.002371,0.002393,0.002382,0.002316,0.002262,0.002224,0.002217,0.002288,0.002316,0.0023,0.002281,0.002266,0.002199,0.002019,0.001885,0.001923,0.001979,0.001999,0.002033,0.002065,0.001961,0.001728,0.001623,0.001622,0.001687,0.001836,0.00195,0.00201,0.002042,0.002033,0.001967,0.001592,0.00112,0.001279,0.001675,0.001866,0.001882,0.001877
0.0005342,0.0007175,0.00115,0.001593,0.002431,0.003567,0.004202,0.004289,0.004403,0.004529,0.004566,0.004534,0.004517,0.005226,0.005787,0.00561,0.005709,0.006118,0.006412,0.006602,0.006822,0.00691,0.006974,0.007106,0.007216,0.007267,0.007084,0.007073,0.007277,0.007321,0.007184,0.007199,0.007253,0.007145,0.006974,0.007035,0.007156,0.00725,0.007333,0.007354,0.007499,0.007931,0.007818,0.007509,0.007369,0.007305,0.007243,0.00711,0.00709,0.007135,0.007076,0.006854,0.006465,0.006313,0.006268,0.0062,0.006107,0.005916,0.005701,0.005547,0.005388,0.005151,0.004934,0.004862,0.004805,0.004692,0.004477,0.004299,0.004155,0.004066,0.004106,0.004082,0.003985,0.003883,0.003788,0.003611,0.003276,0.00301,0.003003,0.003019,0.00299,0.002983,0.00297,0.002763,0.002401,0.002217,0.002159,0.002202,0.002362,0.002468,0.002506,0.002507,0.002468,0.002372,0.001934,0.001382,0.001544,0.001978,0.002203,0.002249,0.002265
0.0009062,0.00116,0.001778,0.002408,0.003618,0.005188,0.005986,0.00624,0.006533,0.006726,0.006739,0.006616,0.006421,0.006885,0.007419,0.007658,0.008017,0.008523,0.008824,0.008971,0.00917,0.009207,0.009215,0.009323,0.009411,0.009467,0.009222,0.00919,0.009421,0.009435,0.009211,0.009192,0.009248,0.009093,0.00885,0.008913,0.00905,0.009144,0.009236,0.009292,0.009449,0.009697,0.009511,0.009194,0.008936,0.008779,0.008639,0.008403,0.008308,0.008329,0.008355,0.008198,0.007737,0.0076,0.007639,0.007661,0.007695,0.007759,0.007629,0.007359,0.007152,0.006908,0.006693,0.00667,0.00666,0.006581,0.006359,0.006174,0.006033,0.005975,0.00612,0.006166,0.006084,0.005993,0.005914,0.005698,0.005204,0.004807,0.004853,0.004948,0.004975,0.005034,0.005082,0.004787,0.00415,0.003839,0.003792,0.003926,0.004268,0.004536,0.004669,0.004743,0.004714,0.004583,0.003721,0.002616,0.002962,0.003892,0.004355,0.004462,0.004492
0.0002503,0.000317,0.0004861,0.0005972,0.0006258,0.0009353,0.001144,0.0009,0.000698,0.0006469,0.0006698,0.0007874,0.000889,0.001294,0.001505,0.001118,0.000793,0.000665,0.0006289,0.00058,0.0005024,0.0005381,0.0008303,0.001272,0.001069,0.0007588,0.0007318,0.0006758,0.0006629,0.0007206,0.0008502,0.001353,0.0017,0.001109,0.000667,0.0006361,0.0005911,0.0006146,0.0008368,0.000995,0.00138,0.002602,0.002345,0.001268,0.0008333,0.0007443,0.001299,0.002123,0.002124,0.002285,0.001866,0.002516,0.005438,0.004798,0.002593,0.001527,0.001165,0.001298,0.001759,0.002188,0.002122,0.00169,0.001453,0.001228,0.001016,0.0009264,0.000888,0.0008937,0.0009794,0.001119,0.001155,0.001134,0.001284,0.00112,0.0007367,0.0005986,0.000551,0.000534,0.0005822,0.0007372,0.0007431,0.0006258,0.0004994,0.0004306,0.000419,0.0003905,0.000345,0.0003159,0.0003268,0.0003473,0.0003496,0.0003302,0.0003383,0.0003586,0.0003585,0.0004202,0.0006202,0.0006786,0.0005005,0.0004421,0.000474
0.0008407,0.0009031,0.001127,0.001242,0.0015,0.002028,0.002289,0.002261,0.002281,0.002316,0.002321,0.002324,0.002278,0.002504,0.002709,0.002689,0.002693,0.002787,0.002855,0.002862,0.002863,0.002867,0.00299,0.003222,0.003149,0.00301,0.002913,0.002871,0.002942,0.002989,0.002989,0.003217,0.00341,0.003097,0.002814,0.002825,0.002858,0.002904,0.003038,0.003113,0.003238,0.00372,0.003642,0.003207,0.002965,0.00289,0.003104,0.003395,0.003299,0.003286,0.003144,0.003386,0.004422,0.004191,0.00337,0.002969,0.002838,0.002875,0.003024,0.00318,0.003144,0.002922,0.002767,0.00268,0.00261,0.002567,0.002482,0.002427,0.002427,0.002477,0.002564,0.002589,0.002633,0.002556,0.002392,0.002282,0.002095,0.001955,0.002015,0.00215,0.002185,0.002175,0.002163,0.002044,0.001806,0.001684,0.001672,0.001738,0.001904,0.002044,0.002122,0.002169,0.002181,0.002139,0.001788,0.001338,0.001594,0.002065,0.002201,0.002205,0.00223
0.002289,0.002448,0.003067,0.003489,0.004573,0.006215,0.006984,0.00712,0.007348,0.007509,0.007502,0.007362,0.007152,0.007784,0.008445,0.008578,0.0089,0.009454,0.009804,0.009981,0.01022,0.01027,0.01029,0.01042,0.01052,0.01056,0.01026,0.01019,0.01046,0.0105,0.01026,0.01024,0.0103,0.01013,0.009853,0.009911,0.01007,0.01018,0.01026,0.01024,0.01026,0.01053,0.01045,0.01021,0.01001,0.009868,0.009727,0.00949,0.009395,0.0094,0.009379,0.009169,0.008646,0.00847,0.008488,0.008486,0.008446,0.008265,0.008035,0.007889,0.007744,0.007468,0.00722,0.007201,0.007207,0.007117,0.006854,0.00663,0.006469,0.006398,0.006541,0.006575,0.00648,0.006376,0.006277,0.006045,0.005517,0.005096,0.005145,0.005247,0.005274,0.005332,0.005392,0.005093,0.004455,0.004137,0.004103,0.004265,0.004667,0.004974,0.005142,0.005244,0.005244,0.005129,0.004204,0.003018,0.003384,0.004412,0.005004,0.005135,0.005176
0.000007917,0.000008873,0.000007369,0.000006096,0.0000175,0.0001289,0.0002719,0.0001621,0.0000447,0.00002883,0.00003194,0.00003812,0.0001015,0.0004147,0.0005859,0.0002591,0.00007451,0.00005949,0.00005799,0.00005659,0.0000549,0.00005295,0.00005077,0.0000479,0.00005522,0.0001143,0.0002298,0.0002802,0.0002233,0.0001444,0.00007956,0.00004458,0.00002962,0.00002293,0.00001949,0.00001719,0.0000192,0.00003359,0.0000976,0.0003896,0.00109,0.001634,0.001117,0.0004222,0.0001439,0.00006604,0.00004515,0.00004213,0.0001048,0.0002559,0.0003449,0.0003591,0.0003265,0.0002776,0.0002264,0.0001846,0.0003096,0.001098,0.001357,0.0007556,0.0003754,0.000332,0.0003205,0.0002148,0.0001002,0.0000624,0.0000661,0.00008917,0.00009079,0.00007281,0.0000683,0.00005996,0.00004784,0.00004142,0.00004024,0.00004439,0.00005492,0.00005817,0.00004719,0.00003079,0.00004572,0.0001144,0.0001655,0.0001047,0.00003802,0.00001642,0.00001586,0.00001429,0.00001127,0.00001144,0.00001624,0.00001566,0.00001448,0.00001228,0.0000102,0.00001289,0.00001384,0.00001343,0.00001466,0.00001303,0.00001092
0.0000181,0.0000129,0.000009569,0.000009131,0.00001986,0.0001689,0.0003605,0.0002082,0.00004229,0.00001351,0.00001045,0.00000882,0.0001,0.0005996,0.0008742,0.0003383,0.00003356,0.000008524,0.000006592,0.000007281,0.000008447,0.00001335,0.00001665,0.00001701,0.00003267,0.0001306,0.0003254,0.0004131,0.0003239,0.0002009,0.000101,0.00004972,0.0000265,0.00001886,0.00001458,0.00001154,0.000014,0.00003872,0.0001447,0.0006144,0.001719,0.002529,0.001718,0.0006569,0.0002187,0.00009462,0.00006274,0.00005735,0.0001507,0.0003854,0.0005485,0.0006024,0.0005678,0.0004962,0.0004102,0.0003335,0.0005722,0.002134,0.002646,0.001421,0.0006537,0.0005774,0.0005845,0.0003969,0.000175,0.0001027,0.0001093,0.0001522,0.0001579,0.0001232,0.0001148,0.000101,0.0000747,0.00006062,0.00005752,0.00006789,0.00009114,0.00009967,0.00007977,0.00005342,0.00008244,0.0002175,0.0003154,0.0001988,0.00006446,0.00002338,0.00001894,0.0000205,0.00001969,0.00002388,0.00002389,0.00002249,0.00002203,0.00002007,0.00001831,0.00002863,0.00003374,0.000029,0.00002274,0.00001872,0.0000191
0.0009773,0.001589,0.002489,0.003134,0.004324,0.006081,0.007032,0.00709,0.007215,0.007363,0.007358,0.007226,0.007096,0.008063,0.008906,0.008642,0.008712,0.009221,0.009557,0.009725,0.009946,0.009995,0.01001,0.01014,0.01023,0.01029,0.01002,0.009974,0.01022,0.01024,0.01,0.009972,0.01002,0.009857,0.009594,0.009649,0.009812,0.009935,0.01006,0.01013,0.01046,0.01119,0.01094,0.01033,0.01007,0.009953,0.009855,0.009664,0.009647,0.009758,0.009727,0.009456,0.008922,0.008718,0.008686,0.008628,0.008571,0.008519,0.008316,0.008012,0.007751,0.007447,0.007176,0.0071,0.007043,0.006929,0.006662,0.006444,0.006274,0.006182,0.006293,0.006311,0.006208,0.006099,0.006,0.005773,0.005277,0.004869,0.004889,0.004969,0.00497,0.005007,0.005047,0.00476,0.004146,0.003821,0.003768,0.003868,0.004168,0.004413,0.004523,0.004559,0.004523,0.004398,0.003606,0.002573,0.002873,0.003758,0.004264,0.004389,0.004426
0.00193,0.002076,0.002641,0.00303,0.003995,0.005441,0.006105,0.006216,0.00641,0.006544,0.006528,0.006397,0.006195,0.006651,0.007181,0.007373,0.007687,0.008167,0.008459,0.008602,0.008797,0.008833,0.008844,0.008947,0.009025,0.009074,0.00883,0.008776,0.008984,0.009002,0.008781,0.008745,0.008784,0.008635,0.008388,0.008425,0.008556,0.008644,0.008721,0.008748,0.008857,0.009084,0.008921,0.008628,0.008382,0.008226,0.00809,0.007877,0.007784,0.007785,0.00779,0.007642,0.007218,0.007068,0.007073,0.00706,0.007057,0.007084,0.00696,0.006725,0.006535,0.006311,0.006116,0.006082,0.006073,0.006001,0.005794,0.005621,0.005492,0.005421,0.005536,0.005566,0.005484,0.005395,0.005315,0.005133,0.004701,0.004348,0.004393,0.004487,0.004525,0.004601,0.004677,0.004453,0.003909,0.003657,0.003661,0.003815,0.00417,0.004464,0.004629,0.00474,0.004735,0.004638,0.003834,0.002765,0.003078,0.004006,0.004524,0.004665,0.004715
0.01131,0.01102,0.01235,0.01249,0.01467,0.01879,0.02042,0.02079,0.02158,0.02201,0.02186,0.0213,0.02037,0.02109,0.02242,0.02369,0.02493,0.02618,0.02672,0.02681,0.02709,0.02695,0.02677,0.02692,0.02703,0.02704,0.02616,0.02588,0.02647,0.02649,0.02581,0.02567,0.02575,0.02525,0.02449,0.02461,0.02498,0.02522,0.02541,0.02536,0.02523,0.02527,0.02517,0.02493,0.02442,0.02403,0.02369,0.02317,0.02295,0.02296,0.02315,0.02298,0.02194,0.02172,0.02196,0.02215,0.02234,0.02233,0.02205,0.02183,0.02165,0.0212,0.02082,0.02101,0.02128,0.02129,0.02084,0.02046,0.02019,0.02015,0.0208,0.02116,0.02107,0.02095,0.02088,0.02041,0.01891,0.01771,0.01811,0.01875,0.01903,0.01942,0.01981,0.01903,0.01702,0.0161,0.01618,0.01695,0.01854,0.01985,0.02061,0.02118,0.02137,0.02113,0.01769,0.01294,0.01451,0.0189,0.02143,0.022,0.02231
0.0001006,0.0001013,0.0001212,0.0001316,0.0001653,0.0002684,0.0003657,0.000333,0.0002843,0.0002778,0.0002774,0.0002756,0.0003195,0.0006074,0.0007981,0.0005261,0.0003538,0.0003503,0.0003584,0.000365,0.0003748,0.00038,0.0003846,0.0003927,0.0003999,0.0004049,0.0003993,0.0004055,0.0004222,0.000421,0.0004107,0.0004115,0.0004191,0.0004188,0.000413,0.0004206,0.0004348,0.0004483,0.00047,0.0005116,0.0009311,0.002138,0.00182,0.0007612,0.0005004,0.0004702,0.0004578,0.0005071,0.001012,0.001823,0.001533,0.0007365,0.0005339,0.0005863,0.0005509,0.0004819,0.000514,0.0007124,0.001188,0.001648,0.001406,0.0007589,0.0005014,0.0004408,0.0004161,0.0004024,0.0003996,0.0004096,0.0004059,0.0003872,0.000385,0.0003883,0.0003895,0.0003893,0.0003869,0.0003805,0.0003634,0.0003735,0.0004592,0.0006867,0.0007427,0.0006532,0.0005202,0.0004276,0.0003722,0.0003547,0.0003616,0.0003896,0.0004422,0.0004884,0.0005182,0.0005407,0.0005496,0.0005405,0.0004487,0.0003201,0.0003551,0.0004731,0.000536,0.0005399,0.0005319
0.000009766,0.000008587,0.00001124,0.00001523,0.00002735,0.00008441,0.0001567,0.0001211,0.00008356,0.00008989,0.0001041,0.0001186,0.0001825,0.0004853,0.000663,0.0003631,0.0001933,0.0001898,0.0002004,0.0002092,0.0002188,0.0002268,0.0002347,0.0002409,0.0002457,0.0002517,0.0002572,0.0002636,0.0002697,0.0002724,0.0002756,0.0002798,0.0002843,0.0002908,0.0003003,0.0003132,0.0003358,0.0003647,0.0004019,0.000454,0.0006312,0.001021,0.0009728,0.0007625,0.0007736,0.0008347,0.000894,0.0009503,0.001032,0.001132,0.001112,0.001037,0.0009989,0.0009727,0.0009385,0.0008959,0.0008459,0.0007851,0.0007258,0.0006679,0.0006088,0.0005491,0.0004912,0.0004433,0.0003984,0.0003569,0.0003136,0.0002801,0.0002512,0.0002254,0.0001996,0.0001771,0.0001589,0.0001428,0.0001275,0.000114,0.0001029,0.00009536,0.0000872,0.00007869,0.00007237,0.0000677,0.00006453,0.00005847,0.00005395,0.00005068,0.00004798,0.00004586,0.00004621,0.00004665,0.00004607,0.00004366,0.00004372,0.00004301,0.00003877,0.00003893,0.00003834,0.00003938,0.00003991,0.0000367,0.00003692
0.00002134,0.00002339,0.00002798,0.0000319,0.00004227,0.00008999,0.0001453,0.0001087,0.00007131,0.00007038,0.00007517,0.00008122,0.0001133,0.000275,0.0003704,0.0002107,0.0001211,0.0001198,0.0001255,0.0001293,0.0001339,0.0001369,0.0001393,0.0001419,0.0001432,0.0001451,0.000145,0.0001458,0.0001478,0.0001474,0.0001458,0.0001459,0.000147,0.0001483,0.0001503,0.0001548,0.0001634,0.0001739,0.0001871,0.0002051,0.0002688,0.0004113,0.0003911,0.0003111,0.0003125,0.0003316,0.0003492,0.0003655,0.0003918,0.0004252,0.0004152,0.0003841,0.0003648,0.0003527,0.0003396,0.0003245,0.0003068,0.0002852,0.0002647,0.0002455,0.0002266,0.000207,0.0001879,0.0001741,0.0001609,0.0001483,0.0001341,0.0001227,0.0001134,0.0001054,0.00009919,0.00009304,0.00008741,0.00008225,0.00007745,0.00007193,0.0000652,0.00005988,0.00005818,0.00005705,0.00005611,0.00005607,0.00005655,0.00005278,0.00004588,0.0000425,0.00004251,0.00004351,0.00004825,0.0000522,0.00005463,0.00005599,0.00005746,0.00005639,0.00004644,0.00003576,0.00003993,0.0000495,0.00005571,0.00005544,0.00005566
0.002725,0.002656,0.002983,0.003022,0.003549,0.004558,0.004947,0.005038,0.00523,0.005339,0.005302,0.005168,0.004946,0.005133,0.005464,0.005767,0.006065,0.006374,0.006512,0.00654,0.006611,0.006578,0.006532,0.006567,0.006589,0.006595,0.006384,0.006317,0.006465,0.00648,0.006313,0.006283,0.006315,0.006214,0.006048,0.006091,0.006195,0.006262,0.006319,0.006302,0.006247,0.006255,0.006253,0.006216,0.006099,0.005998,0.0059,0.005745,0.005672,0.005662,0.005704,0.005652,0.005374,0.005306,0.005371,0.005429,0.005472,0.005425,0.005334,0.005301,0.005268,0.005142,0.005038,0.005091,0.005164,0.005165,0.005034,0.004922,0.004856,0.00485,0.005013,0.005098,0.005074,0.005042,0.00502,0.004897,0.004516,0.004213,0.00432,0.004519,0.004633,0.004776,0.004924,0.004769,0.004259,0.004037,0.004097,0.004363,0.004862,0.005291,0.005575,0.005784,0.00585,0.005771,0.004808,0.003413,0.003846,0.005131,0.00586,0.005997,0.006037
0.01351,0.01319,0.01479,0.01495,0.01755,0.02246,0.02435,0.02482,0.02579,0.0263,0.02612,0.02545,0.02432,0.02509,0.02663,0.02824,0.02975,0.03125,0.03191,0.032,0.03233,0.03214,0.03191,0.03206,0.03214,0.03214,0.0311,0.03075,0.03145,0.03149,0.03066,0.03046,0.03054,0.02997,0.02907,0.02918,0.02959,0.02983,0.03002,0.02988,0.02951,0.02938,0.02938,0.0293,0.02875,0.02828,0.02783,0.02713,0.0268,0.02675,0.02699,0.02681,0.02553,0.02525,0.02558,0.02586,0.02608,0.02589,0.0255,0.0254,0.02527,0.0247,0.02421,0.0245,0.02489,0.02494,0.02438,0.02389,0.02359,0.02359,0.02442,0.02485,0.02476,0.02464,0.02454,0.02393,0.02205,0.02053,0.02099,0.02179,0.02214,0.02259,0.02305,0.02211,0.01957,0.01837,0.01841,0.01933,0.02131,0.023,0.02408,0.02475,0.02495,0.02463,0.02052,0.01468,0.01655,0.02197,0.02507,0.02575,0.02608
0.00998,0.009726,0.01087,0.01097,0.01284,0.01641,0.01778,0.01809,0.01879,0.01914,0.01899,0.01849,0.01768,0.01823,0.01935,0.02053,0.02162,0.02271,0.0232,0.02327,0.0235,0.02338,0.02321,0.0233,0.02334,0.02336,0.02261,0.02235,0.02285,0.02288,0.02226,0.02211,0.02219,0.02182,0.02119,0.02129,0.02162,0.02182,0.02197,0.02187,0.02161,0.02152,0.02153,0.02146,0.02106,0.0207,0.02035,0.0198,0.01952,0.01948,0.01966,0.01951,0.01851,0.01828,0.01855,0.0188,0.01898,0.01885,0.01856,0.01847,0.01837,0.01793,0.01756,0.01778,0.01808,0.01812,0.01767,0.01728,0.01707,0.01709,0.01769,0.01802,0.01795,0.01786,0.01779,0.01735,0.01597,0.01485,0.0152,0.01585,0.01618,0.01662,0.01706,0.0164,0.01447,0.01358,0.01369,0.01448,0.01611,0.01754,0.01846,0.01907,0.01928,0.01908,0.01588,0.0112,0.01262,0.01694,0.01941,0.01995,0.02013
0.01933,0.01874,0.02089,0.02107,0.02473,0.03156,0.03417,0.03475,0.03605,0.03673,0.03643,0.03544,0.03387,0.03495,0.03706,0.03928,0.04139,0.04343,0.04432,0.04445,0.0449,0.04465,0.04429,0.04445,0.04457,0.04458,0.04309,0.0426,0.04356,0.0436,0.0424,0.04208,0.04218,0.04139,0.04015,0.04029,0.04082,0.04113,0.04139,0.04117,0.04065,0.04046,0.04044,0.04031,0.03955,0.03888,0.03826,0.03726,0.03677,0.0367,0.03704,0.0368,0.03499,0.03456,0.03504,0.03547,0.03579,0.03553,0.035,0.03485,0.03466,0.03388,0.0332,0.03361,0.03417,0.03426,0.03346,0.03276,0.03235,0.03236,0.03351,0.03415,0.03403,0.03384,0.0337,0.03291,0.0303,0.02814,0.02876,0.02987,0.03036,0.03104,0.03174,0.0304,0.02687,0.02519,0.02529,0.02654,0.02936,0.03177,0.03329,0.0343,0.03462,0.03422,0.02853,0.02032,0.02286,0.03046,0.03487,0.03587,0.03631
0.004105,0.004006,0.004463,0.004516,0.0053,0.006774,0.007342,0.007485,0.007788,0.007952,0.007903,0.0077,0.007369,0.007612,0.008086,0.008587,0.009054,0.009521,0.009735,0.009775,0.00988,0.009831,0.009767,0.009808,0.009828,0.009844,0.009534,0.009437,0.009669,0.009703,0.00947,0.009434,0.009528,0.009438,0.009255,0.009401,0.009657,0.009841,0.009992,0.01,0.009918,0.009899,0.009925,0.009908,0.009714,0.009523,0.009317,0.008995,0.008805,0.008739,0.008792,0.008698,0.00821,0.008087,0.008223,0.008351,0.00843,0.008348,0.0082,0.008144,0.008083,0.007876,0.007701,0.007798,0.007925,0.007918,0.007683,0.007482,0.007375,0.007371,0.007629,0.007751,0.007705,0.007665,0.007632,0.007458,0.006886,0.006459,0.006752,0.007317,0.007772,0.008348,0.008986,0.009103,0.008435,0.008418,0.009045,0.01033,0.01221,0.01395,0.01531,0.01637,0.01688,0.01684,0.01395,0.009682,0.01103,0.01506,0.01732,0.01764,0.0177
0.002267,0.002212,0.002483,0.002533,0.003004,0.003882,0.004248,0.004366,0.004566,0.004682,0.004664,0.004558,0.004376,0.004532,0.004828,0.005145,0.005435,0.00573,0.005872,0.005907,0.005977,0.005959,0.00593,0.005959,0.005979,0.006002,0.005827,0.005777,0.005924,0.00595,0.005804,0.005773,0.005819,0.005748,0.005611,0.005661,0.00577,0.005844,0.005912,0.005914,0.005859,0.005853,0.005879,0.005884,0.005792,0.005706,0.005616,0.005463,0.005388,0.005389,0.005465,0.005433,0.005134,0.005068,0.005172,0.005281,0.005359,0.005332,0.005255,0.005236,0.005209,0.005077,0.004968,0.005041,0.005144,0.005163,0.005024,0.0049,0.004849,0.004867,0.005067,0.005176,0.005164,0.005142,0.005125,0.004999,0.004574,0.004221,0.004328,0.004531,0.004643,0.004798,0.004955,0.004758,0.00413,0.003849,0.00388,0.004136,0.004678,0.005155,0.005475,0.005692,0.005761,0.005675,0.004664,0.003208,0.003639,0.004987,0.005749,0.00587,0.005909
0.00423,0.004122,0.004599,0.004635,0.005433,0.006941,0.007519,0.007661,0.00796,0.008133,0.00809,0.007882,0.007545,0.007794,0.008274,0.008784,0.009269,0.009749,0.009968,0.01001,0.01012,0.01008,0.01001,0.01005,0.01007,0.01009,0.009772,0.009671,0.009907,0.009953,0.009736,0.009732,0.009848,0.009777,0.009611,0.00979,0.01008,0.01028,0.01045,0.01048,0.01039,0.01038,0.01042,0.0104,0.01019,0.009993,0.009777,0.009443,0.009245,0.009166,0.009207,0.009103,0.008602,0.008475,0.008596,0.008702,0.008773,0.008683,0.00852,0.00845,0.008377,0.008164,0.007988,0.008085,0.008209,0.008192,0.007945,0.007731,0.007609,0.007592,0.007826,0.007933,0.007871,0.00781,0.007772,0.007603,0.007041,0.006659,0.007017,0.007615,0.008069,0.008596,0.009149,0.009111,0.008278,0.008037,0.008356,0.009148,0.01049,0.01169,0.01252,0.01315,0.01342,0.0133,0.01098,0.007652,0.008687,0.0118,0.01353,0.01379,0.01386
0.000003454,0.000003595,0.000004217,0.000005348,0.000008276,0.0000223,0.00003986,0.00002999,0.00002009,0.0000215,0.00002467,0.00002867,0.00004644,0.0001298,0.0001766,0.00009412,0.00004833,0.00004701,0.00004956,0.00005184,0.00005373,0.00005531,0.00005686,0.00005818,0.00005866,0.00005965,0.00006027,0.00006082,0.00006126,0.00006113,0.00006092,0.00006121,0.00006158,0.00006287,0.00006503,0.000068,0.00007302,0.00007949,0.00008807,0.0001001,0.0001422,0.0002325,0.0002191,0.0001697,0.0001721,0.0001855,0.0001981,0.0002101,0.0002273,0.0002481,0.000242,0.0002234,0.0002133,0.0002058,0.0001964,0.0001858,0.0001739,0.0001595,0.0001466,0.000134,0.0001214,0.0001088,0.00009685,0.00008739,0.00007824,0.00006979,0.00006126,0.00005464,0.00004881,0.00004347,0.00003826,0.00003361,0.00002982,0.00002694,0.00002428,0.00002135,0.00001932,0.00001817,0.00001685,0.00001452,0.00001323,0.00001254,0.00001202,0.00001057,0.000009476,0.000009066,0.000008403,0.000007928,0.00000809,0.000007645,0.000007454,0.000008287,0.000008304,0.00000772,0.000007392,0.00000899,0.000009828,0.000007891,0.000007372,0.000006534,0.000007665
0.0002539,0.0002414,0.0002519,0.0002611,0.0003802,0.00106,0.001857,0.00131,0.0007291,0.0006713,0.0006935,0.0007222,0.001057,0.00279,0.00375,0.002019,0.00106,0.00102,0.001039,0.001042,0.001046,0.001037,0.001026,0.001015,0.001059,0.001371,0.001957,0.002219,0.001943,0.001534,0.001178,0.000991,0.0009181,0.0008792,0.0008472,0.0008524,0.0008889,0.0009819,0.001344,0.002921,0.006671,0.009627,0.006873,0.003169,0.001699,0.001296,0.001193,0.001179,0.001525,0.002353,0.002829,0.002889,0.002667,0.002388,0.002118,0.001893,0.002574,0.006795,0.008137,0.004874,0.002821,0.002561,0.002462,0.001883,0.001259,0.001051,0.001045,0.001144,0.001136,0.001032,0.001026,0.0009919,0.0009125,0.000874,0.0008606,0.0008573,0.0008627,0.0008327,0.0007718,0.0007088,0.0008149,0.001198,0.001473,0.001116,0.0006782,0.0005339,0.0005085,0.0005254,0.0005889,0.000641,0.0006656,0.0006946,0.0006995,0.0006878,0.0005648,0.000398,0.0004547,0.000606,0.0006535,0.0006613,0.0006628
0.0008512,0.0008664,0.0009931,0.001022,0.001277,0.002129,0.002921,0.002475,0.002024,0.002002,0.002011,0.002002,0.002225,0.003752,0.004653,0.003266,0.002539,0.002593,0.002655,0.002664,0.002691,0.002684,0.002668,0.002667,0.002706,0.00299,0.00345,0.003659,0.003458,0.003105,0.002746,0.002576,0.002518,0.002453,0.00237,0.002373,0.00242,0.002516,0.002845,0.004223,0.007476,0.01001,0.007585,0.004357,0.003033,0.002638,0.002515,0.002449,0.002721,0.003436,0.003874,0.003922,0.003651,0.00339,0.003173,0.002998,0.00362,0.007341,0.008496,0.005615,0.003804,0.003538,0.003426,0.002942,0.002416,0.002232,0.002195,0.002258,0.002231,0.002143,0.00218,0.002179,0.00211,0.002061,0.002038,0.002007,0.001904,0.001794,0.001763,0.001742,0.001843,0.002209,0.002472,0.002088,0.001566,0.001368,0.001343,0.0014,0.001556,0.001683,0.001755,0.001791,0.001797,0.001765,0.001456,0.001034,0.001157,0.001554,0.001771,0.001807,0.001806
0.00006496,0.0000634,0.00006647,0.00006613,0.00009867,0.0002658,0.0004532,0.0003259,0.0001923,0.0001794,0.000186,0.0001941,0.0002707,0.0006805,0.0009055,0.0005013,0.0002814,0.0002752,0.0002806,0.0002818,0.0002839,0.0002815,0.0002787,0.0002768,0.0002874,0.0003665,0.0005118,0.000575,0.0005075,0.0004083,0.0003192,0.0002739,0.000258,0.0002487,0.0002409,0.000242,0.0002504,0.0002748,0.0003667,0.0007651,0.001705,0.002429,0.001735,0.0008143,0.000446,0.0003428,0.0003156,0.0003096,0.0003951,0.000601,0.0007235,0.0007411,0.0006824,0.0006125,0.0005451,0.0004909,0.0006687,0.001742,0.002074,0.001246,0.0007318,0.0006668,0.0006424,0.0004988,0.000344,0.0002908,0.0002896,0.0003146,0.0003143,0.0002892,0.000289,0.0002815,0.0002625,0.0002521,0.0002471,0.000249,0.0002463,0.0002362,0.0002229,0.0002073,0.0002319,0.0003315,0.0004051,0.0003136,0.0001979,0.0001573,0.0001537,0.0001613,0.0001802,0.0001982,0.0002097,0.0002181,0.0002143,0.0002074,0.0001739,0.000122,0.000137,0.0001839,0.0002073,0.000213,0.0002138
0.00001727,0.00001978,0.0000236,0.00002921,0.00004247,0.0001176,0.0002069,0.0001475,0.00009123,0.00009468,0.000108,0.0001238,0.0002014,0.0005628,0.0007555,0.0003958,0.0002007,0.0001955,0.0002062,0.0002138,0.000222,0.0002287,0.0002342,0.0002389,0.0002406,0.000243,0.0002446,0.0002469,0.0002481,0.0002461,0.000244,0.0002446,0.0002461,0.00025,0.0002574,0.0002681,0.0002873,0.0003123,0.0003443,0.0003902,0.0005552,0.0008993,0.0008424,0.0006545,0.0006646,0.0007157,0.0007629,0.0008071,0.0008733,0.0009513,0.0009241,0.0008533,0.0008139,0.0007846,0.0007489,0.0007073,0.0006607,0.0006061,0.0005556,0.0005077,0.0004602,0.0004133,0.000368,0.0003309,0.0002961,0.0002641,0.0002315,0.0002057,0.0001833,0.0001634,0.0001442,0.0001263,0.0001125,0.0001009,0.00008934,0.00007888,0.00007165,0.00006601,0.00006063,0.00005231,0.00004789,0.00004562,0.0000416,0.0000362,0.00003293,0.00003033,0.00002888,0.00002692,0.00002511,0.00002608,0.00002468,0.00002352,0.00002605,0.00002395,0.0000206,0.00002684,0.00002925,0.00002726,0.00002578,0.00001907,0.0000194
0.00005976,0.00006653,0.00008312,0.0001032,0.0001575,0.0003094,0.0004643,0.0004299,0.0003971,0.0004238,0.0004494,0.000469,0.0005536,0.0009886,0.001232,0.0008452,0.0006492,0.0006708,0.0006991,0.0007147,0.0007333,0.0007424,0.0007503,0.0007594,0.0007656,0.0007747,0.0007679,0.0007727,0.0007898,0.0007924,0.0007854,0.0007913,0.0008059,0.0008139,0.0008205,0.0008482,0.0008893,0.0009361,0.0009921,0.001065,0.001303,0.001774,0.00168,0.001408,0.001401,0.001456,0.001511,0.001557,0.001641,0.00175,0.001732,0.001641,0.001563,0.00152,0.001486,0.001444,0.001401,0.001376,0.001319,0.001219,0.001133,0.001058,0.0009894,0.000945,0.0009055,0.0008648,0.0008079,0.0007661,0.000734,0.0007125,0.0007106,0.0007004,0.0006846,0.0006695,0.0006565,0.0006334,0.0005821,0.0005413,0.0005484,0.0005629,0.0005735,0.0005932,0.0006125,0.0005775,0.0005024,0.0004671,0.0004678,0.0004904,0.0005494,0.0005995,0.0006253,0.000644,0.0006472,0.000631,0.0005113,0.0003558,0.0004005,0.000533,0.0006032,0.0006074,0.0006014
0.001256,0.001289,0.001521,0.001626,0.002034,0.002819,0.003283,0.00325,0.003267,0.003352,0.00337,0.00333,0.003378,0.004243,0.004829,0.004283,0.004084,0.004285,0.004419,0.004475,0.004555,0.004565,0.004565,0.004603,0.004629,0.004649,0.004535,0.004514,0.004614,0.004619,0.004514,0.004496,0.004526,0.004478,0.004395,0.004447,0.004544,0.004635,0.004741,0.004849,0.005229,0.006031,0.005844,0.005336,0.005245,0.005276,0.005304,0.005291,0.005384,0.005554,0.005536,0.005349,0.00507,0.004957,0.004918,0.004861,0.004806,0.00476,0.004628,0.004423,0.004246,0.00405,0.003881,0.003824,0.00378,0.003707,0.00355,0.003426,0.003337,0.003294,0.003351,0.003366,0.003315,0.003268,0.003226,0.003114,0.002845,0.002635,0.002667,0.002736,0.002764,0.002818,0.002868,0.002707,0.002355,0.002194,0.002181,0.002276,0.00251,0.002697,0.002796,0.002869,0.002886,0.002818,0.002301,0.001628,0.001851,0.002451,0.002757,0.002812,0.002837
0.0004153,0.0004299,0.0005182,0.0005648,0.0007309,0.001082,0.001342,0.001314,0.0013,0.001346,0.001371,0.001374,0.001445,0.002011,0.00236,0.00193,0.001737,0.001818,0.00188,0.00191,0.001948,0.001958,0.001964,0.001983,0.001996,0.002008,0.001969,0.001966,0.002011,0.002015,0.001977,0.001977,0.001998,0.00199,0.00197,0.002005,0.002067,0.002127,0.002199,0.002285,0.002569,0.003145,0.003021,0.002673,0.002637,0.002682,0.002727,0.002753,0.002839,0.002968,0.002951,0.002831,0.002688,0.002622,0.002585,0.002539,0.002494,0.002471,0.002392,0.002253,0.002134,0.002022,0.001922,0.001873,0.001832,0.001781,0.001692,0.001625,0.001575,0.001546,0.001564,0.001561,0.001535,0.001509,0.00149,0.001438,0.001316,0.001222,0.00124,0.001273,0.001288,0.001321,0.001353,0.001278,0.001112,0.001035,0.00103,0.001079,0.001193,0.001287,0.00134,0.001369,0.001371,0.001342,0.001098,0.000771,0.0008669,0.001151,0.001302,0.001315,0.001325
0.0005081,0.0005949,0.0006988,0.0008012,0.0008946,0.001013,0.001133,0.00123,0.001311,0.001395,0.001506,0.001635,0.001741,0.001817,0.0019,0.002023,0.002165,0.002305,0.002413,0.002506,0.002616,0.002752,0.002921,0.003082,0.003225,0.003331,0.003417,0.003506,0.003632,0.003786,0.003949,0.004094,0.004197,0.004268,0.004354,0.004476,0.004643,0.004852,0.005058,0.005261,0.005424,0.005527,0.005618,0.005723,0.005869,0.006055,0.006279,0.006536,0.006777,0.006972,0.00712,0.0072,0.007249,0.007338,0.007454,0.007603,0.007793,0.007988,0.008178,0.008334,0.00846,0.008504,0.008484,0.008456,0.008457,0.008486,0.00855,0.008659,0.008814,0.008999,0.009185,0.009359,0.009484,0.009528,0.009471,0.009321,0.009165,0.008986,0.008823,0.008647,0.008481,0.008343,0.008199,0.007974,0.007753,0.00745,0.007098,0.006616,0.006171,0.005724,0.00533,0.004958,0.00474,0.00462,0.004593,0.004662,0.004768,0.004928,0.005154,0.005359,0.005524
0.0002617,0.0003125,0.0003726,0.0004345,0.0005072,0.0005921,0.0006811,0.0007651,0.0008428,0.0009199,0.00101,0.001107,0.001182,0.001229,0.001272,0.001333,0.001395,0.001447,0.001472,0.001497,0.001527,0.001571,0.001621,0.001652,0.001649,0.00163,0.001605,0.00159,0.001597,0.001618,0.001629,0.001615,0.001572,0.001512,0.001466,0.001452,0.001479,0.001543,0.001612,0.001672,0.001696,0.001669,0.001609,0.001552,0.001517,0.001517,0.001557,0.001638,0.001727,0.001799,0.001838,0.001832,0.001777,0.001721,0.001662,0.001607,0.001566,0.001527,0.001508,0.001493,0.00148,0.001456,0.001421,0.001386,0.001354,0.001327,0.001304,0.001297,0.001311,0.001347,0.001407,0.001505,0.001626,0.001775,0.00195,0.002187,0.002426,0.002693,0.00299,0.003348,0.00367,0.00399,0.004288,0.004558,0.004747,0.004837,0.004839,0.004737,0.004569,0.004362,0.004158,0.003966,0.003858,0.003812,0.00383,0.00392,0.004048,0.004206,0.004413,0.004612,0.004763
0.0007638,0.0009187,0.001134,0.001346,0.001602,0.001874,0.002134,0.002336,0.002495,0.002647,0.002843,0.003073,0.003269,0.003406,0.003547,0.003762,0.004015,0.004266,0.004448,0.004618,0.004802,0.005048,0.005348,0.00564,0.005886,0.006069,0.006221,0.006368,0.006571,0.006827,0.00709,0.007309,0.007447,0.007522,0.007617,0.007766,0.007974,0.00826,0.008521,0.008766,0.008929,0.008988,0.009014,0.009072,0.009188,0.009368,0.009605,0.009885,0.01015,0.01036,0.0105,0.01054,0.01053,0.01059,0.01069,0.01084,0.01105,0.01126,0.01148,0.01165,0.01178,0.01181,0.01176,0.01169,0.01165,0.01166,0.01172,0.01183,0.01201,0.01224,0.01247,0.01269,0.01285,0.0129,0.01284,0.01268,0.01252,0.01236,0.01223,0.01213,0.01206,0.01206,0.01209,0.01207,0.01208,0.012,0.01187,0.01163,0.01136,0.01104,0.01068,0.01023,0.009849,0.009499,0.009162,0.00888,0.008649,0.008445,0.008278,0.008132,0.007949
0.0003835,0.0004758,0.0005974,0.0007304,0.0009006,0.001086,0.001279,0.001451,0.001599,0.001742,0.001905,0.002078,0.002211,0.002292,0.002367,0.002474,0.002582,0.002671,0.002708,0.002747,0.0028,0.002877,0.002963,0.003015,0.003005,0.002967,0.00292,0.002886,0.002891,0.002919,0.002923,0.002886,0.002795,0.002672,0.00257,0.002525,0.002544,0.002629,0.002719,0.002788,0.002794,0.002716,0.002583,0.002461,0.002375,0.002347,0.002382,0.002475,0.002584,0.002669,0.002706,0.002677,0.00258,0.002482,0.002381,0.002292,0.00222,0.002152,0.002117,0.002088,0.002062,0.002023,0.001967,0.001914,0.001865,0.001822,0.001786,0.001771,0.001786,0.001833,0.001913,0.002044,0.002208,0.00241,0.002653,0.002985,0.003332,0.003722,0.004163,0.00472,0.005245,0.005796,0.006354,0.006936,0.007434,0.00783,0.008143,0.008387,0.008478,0.008469,0.008389,0.008219,0.008042,0.007848,0.007648,0.007483,0.007329,0.007196,0.007068,0.00696,0.006817
0.001069,0.001229,0.001431,0.001642,0.001874,0.002114,0.002347,0.002526,0.002663,0.0028,0.002991,0.003212,0.00338,0.003477,0.003571,0.003735,0.00392,0.00409,0.00418,0.004253,0.00434,0.00448,0.004666,0.004839,0.004963,0.00505,0.005108,0.005169,0.005283,0.005438,0.005594,0.00572,0.005786,0.005804,0.005835,0.005901,0.006008,0.00617,0.006315,0.006445,0.006513,0.006505,0.006473,0.006472,0.006517,0.006608,0.006742,0.006896,0.007052,0.007159,0.007213,0.007199,0.007135,0.007128,0.007145,0.007188,0.007268,0.007336,0.00741,0.007455,0.007477,0.00743,0.007333,0.007248,0.007191,0.007169,0.007192,0.007257,0.007377,0.007539,0.007714,0.007889,0.00804,0.008134,0.008168,0.00814,0.008112,0.00808,0.008076,0.008097,0.008125,0.008199,0.008274,0.008331,0.008385,0.008371,0.008314,0.008187,0.008007,0.007781,0.007513,0.007186,0.006899,0.006623,0.006338,0.006105,0.005912,0.005747,0.005597,0.005473,0.005329
0.0005414,0.0006367,0.0007598,0.0008886,0.001047,0.001225,0.001404,0.001562,0.001702,0.001837,0.001994,0.00216,0.002278,0.002336,0.002378,0.002448,0.002513,0.002553,0.002535,0.002525,0.002526,0.002549,0.002581,0.002584,0.002533,0.002462,0.002389,0.002334,0.002316,0.002318,0.002301,0.002253,0.002166,0.002053,0.001958,0.001907,0.001903,0.001953,0.002008,0.002048,0.002041,0.001968,0.001857,0.001755,0.00168,0.001648,0.001665,0.001723,0.001794,0.001848,0.001869,0.001841,0.001763,0.001684,0.001603,0.001529,0.001467,0.001406,0.001369,0.001338,0.001311,0.001275,0.001232,0.001191,0.001153,0.001121,0.001095,0.001084,0.001091,0.001116,0.001162,0.001241,0.001344,0.001476,0.001635,0.001859,0.002094,0.002364,0.002677,0.00308,0.00347,0.003879,0.004294,0.004737,0.00512,0.005433,0.00568,0.005882,0.005959,0.005957,0.005899,0.005768,0.005624,0.005467,0.005302,0.005151,0.00502,0.004896,0.004778,0.00468,0.004577
0.000912,0.001012,0.001135,0.001248,0.001371,0.001506,0.001637,0.001728,0.001792,0.001855,0.001951,0.00206,0.002135,0.002166,0.0022,0.002277,0.002368,0.002449,0.002477,0.002498,0.002526,0.002583,0.002664,0.002735,0.002778,0.002801,0.002812,0.002829,0.002873,0.002944,0.003019,0.003079,0.003111,0.003122,0.003141,0.003184,0.00325,0.003343,0.003427,0.003501,0.003538,0.003521,0.003488,0.003465,0.003459,0.003473,0.003503,0.003533,0.003562,0.003564,0.003539,0.003483,0.003403,0.003357,0.003326,0.00331,0.003318,0.00332,0.003333,0.003331,0.003319,0.003277,0.003208,0.003144,0.003091,0.00305,0.003016,0.003,0.003003,0.003016,0.003023,0.003025,0.003018,0.002986,0.002931,0.002849,0.002779,0.002707,0.002654,0.002605,0.002567,0.002556,0.002555,0.002543,0.00255,0.002549,0.002546,0.002541,0.002526,0.002502,0.002482,0.002464,0.002451,0.002449,0.002476,0.002513,0.002558,0.002626,0.002719,0.002817,0.002897
0.0004731,0.0005327,0.000609,0.000687,0.0007761,0.0008789,0.0009866,0.001078,0.001155,0.001227,0.001313,0.001398,0.001453,0.001471,0.00148,0.001506,0.001531,0.001542,0.001516,0.001497,0.001484,0.001484,0.001488,0.001475,0.00143,0.001377,0.001324,0.001285,0.001269,0.001266,0.001254,0.001227,0.001177,0.001113,0.00106,0.001032,0.001032,0.001064,0.001098,0.001124,0.001123,0.001082,0.001015,0.0009503,0.0008997,0.0008721,0.0008706,0.0008907,0.000919,0.0009374,0.0009374,0.0009138,0.0008634,0.0008151,0.0007674,0.0007235,0.0006872,0.0006529,0.0006312,0.0006133,0.000598,0.0005799,0.000557,0.0005351,0.0005146,0.0004962,0.0004778,0.0004655,0.0004594,0.0004605,0.0004682,0.000487,0.0005137,0.0005489,0.0005916,0.0006535,0.000719,0.0007948,0.000882,0.0009941,0.001103,0.001219,0.001337,0.001464,0.001579,0.001678,0.001764,0.001847,0.001902,0.00194,0.001971,0.001998,0.002018,0.002043,0.002079,0.00213,0.002185,0.002246,0.002332,0.002412,0.002483
0.00003752,0.00004001,0.00004561,0.00005098,0.00007804,0.0002573,0.0004589,0.0002923,0.00014,0.0001281,0.0001435,0.0001602,0.0003221,0.001136,0.001536,0.0006861,0.0002594,0.0002372,0.0002461,0.0002514,0.000258,0.0002664,0.0002768,0.0002851,0.0002873,0.0002882,0.0002873,0.0002877,0.0002876,0.0002846,0.0002823,0.0002826,0.0002812,0.000282,0.0002914,0.0003103,0.0003481,0.0004019,0.0004732,0.0005727,0.0008405,0.001427,0.001376,0.001152,0.001257,0.001421,0.001592,0.001773,0.001966,0.002162,0.002168,0.002079,0.002009,0.00195,0.001878,0.001797,0.001712,0.001603,0.001501,0.001384,0.001264,0.001132,0.0009942,0.0008781,0.0007763,0.0006867,0.0006003,0.0005308,0.0004742,0.0004243,0.0003779,0.0003345,0.0003015,0.0002671,0.0002349,0.0002054,0.0001825,0.0001663,0.0001544,0.0001391,0.0001252,0.000122,0.0001133,0.00009938,0.00009198,0.00008957,0.00009002,0.00008192,0.00008268,0.0001007,0.00009544,0.00009268,0.0001172,0.0001065,0.00009199,0.000131,0.0001374,0.0001201,0.0001128,0.00009172,0.00008572
0.00004929,0.00005757,0.00006771,0.00008316,0.0001197,0.0002955,0.0004951,0.0003579,0.0002335,0.0002382,0.0002684,0.0003053,0.0004694,0.00122,0.001594,0.0008412,0.0004718,0.0004676,0.0004863,0.0005011,0.0005152,0.0005331,0.0005544,0.0005709,0.0005773,0.000577,0.0005719,0.0005674,0.0005653,0.0005626,0.0005588,0.0005547,0.0005472,0.0005395,0.0005403,0.0005536,0.0005851,0.0006342,0.0006968,0.0007802,0.001014,0.001553,0.001464,0.001198,0.001247,0.001346,0.001446,0.001544,0.00166,0.001784,0.001741,0.001619,0.001527,0.001456,0.001382,0.001305,0.001228,0.001133,0.001051,0.0009655,0.0008781,0.000785,0.0006862,0.0006052,0.0005348,0.0004734,0.0004142,0.0003673,0.0003295,0.0002973,0.0002679,0.0002401,0.0002168,0.0001951,0.0001756,0.0001548,0.0001403,0.00013,0.000122,0.0001118,0.0001016,0.0001006,0.00009648,0.00008679,0.00008316,0.00008231,0.00008254,0.00008075,0.00008246,0.00008669,0.00008293,0.00008196,0.00009674,0.00009432,0.00008656,0.0001148,0.0001197,0.0001086,0.000102,0.00009166,0.00008768
0.00003218,0.00002546,0.00002278,0.00001931,0.00004011,0.0001965,0.0003821,0.0002234,0.00008101,0.00007501,0.00008999,0.0001134,0.0002991,0.0012,0.001647,0.0007169,0.0002423,0.0002067,0.0002045,0.0001944,0.0001887,0.0001897,0.0001819,0.0001751,0.0001963,0.0004243,0.0008685,0.001014,0.0007806,0.0005107,0.0002886,0.0001606,0.0001124,0.00009364,0.0000791,0.00007183,0.00008071,0.0001343,0.000361,0.001389,0.003682,0.00497,0.003242,0.001362,0.0005896,0.0003781,0.0003422,0.0003445,0.0004484,0.0007868,0.00122,0.001513,0.001447,0.001281,0.001074,0.0008916,0.001309,0.004977,0.00598,0.003051,0.001474,0.001353,0.001371,0.0009259,0.0004374,0.0002893,0.0002981,0.0003895,0.0003813,0.0003042,0.0002929,0.0002556,0.0002008,0.0001776,0.0001673,0.0001781,0.0002229,0.0002285,0.000182,0.0001209,0.0001882,0.0004643,0.0006489,0.000421,0.0001557,0.00008082,0.0000705,0.00007054,0.00007117,0.00008157,0.00007861,0.00007096,0.0000789,0.00008191,0.00007915,0.00008783,0.00008813,0.00008096,0.00007413,0.00006103,0.00005755
0.0001871,0.0002023,0.0002288,0.0002533,0.0002886,0.0003289,0.0003742,0.0004256,0.0004829,0.0005445,0.0005994,0.0006517,0.0007014,0.0007563,0.0008041,0.0008633,0.0009231,0.0009893,0.001055,0.001119,0.001189,0.001258,0.00133,0.001403,0.001476,0.001555,0.001634,0.001717,0.001808,0.00189,0.001979,0.002069,0.002157,0.002251,0.002346,0.002428,0.002527,0.002625,0.002723,0.002823,0.002921,0.00302,0.003116,0.003216,0.003299,0.003395,0.003493,0.00359,0.003687,0.003785,0.003879,0.003983,0.004087,0.004188,0.004293,0.004394,0.0045,0.004609,0.004698,0.004803,0.004896,0.005004,0.005111,0.005225,0.005329,0.005427,0.00553,0.005645,0.005762,0.005868,0.005968,0.006072,0.006155,0.006241,0.006335,0.006431,0.00651,0.006589,0.006673,0.006764,0.00687,0.006942,0.007037,0.007128,0.007219,0.007294,0.007382,0.007453,0.007533,0.007626,0.007692,0.007742,0.007819,0.007886,0.007955,0.00802,0.008086,0.008142,0.008219,0.008248,0.008305
0.0001373,0.0001343,0.000139,0.0001455,0.0001626,0.0002855,0.0004628,0.0003559,0.0002314,0.0002249,0.0002422,0.000264,0.0003792,0.0009973,0.001424,0.0007912,0.0004298,0.0004224,0.0004435,0.0004643,0.0004836,0.0005018,0.0005197,0.0005323,0.0005394,0.0005457,0.0005516,0.0005582,0.000566,0.000572,0.0005784,0.0005877,0.0005994,0.0006139,0.0006323,0.0006507,0.0006629,0.0006709,0.0006708,0.0006719,0.0007677,0.001153,0.001032,0.0006964,0.0006382,0.0006352,0.0006365,0.0006416,0.0006847,0.0007691,0.0007464,0.000669,0.0006467,0.0006452,0.0006432,0.0006412,0.0006396,0.0006349,0.0006335,0.0006353,0.0006471,0.0006574,0.0006572,0.0006379,0.0006039,0.0005836,0.0005878,0.0006393,0.0006971,0.000753,0.0007259,0.0005922,0.0004794,0.0003995,0.0003521,0.0003177,0.0002947,0.0002745,0.0002584,0.0002389,0.0002165,0.0002064,0.0001931,0.0001714,0.0001573,0.0001457,0.0001379,0.0001271,0.0001227,0.0001295,0.0001179,0.0001062,0.000124,0.0001166,0.000095,0.0001238,0.0001289,0.0001043,0.00009314,0.00007551,0.00006301
0.000008559,0.000008537,0.000008838,0.000008752,0.0000174,0.0001006,0.0002292,0.0001581,0.00007717,0.00008877,0.0001211,0.0001649,0.0002751,0.0007603,0.001096,0.0006328,0.0003638,0.0003486,0.0003421,0.0003279,0.0003086,0.0002877,0.0002642,0.0002348,0.0002237,0.0003589,0.0006842,0.0008395,0.0007124,0.0005063,0.0003034,0.0001511,0.00008463,0.00006139,0.00004951,0.00004174,0.00004019,0.0000579,0.0001977,0.0008235,0.002094,0.003009,0.002269,0.0009709,0.0003171,0.0001121,0.00006691,0.00005941,0.0001034,0.0002958,0.0005851,0.0008489,0.0009006,0.0006925,0.0004616,0.0003227,0.0004371,0.002059,0.002776,0.001519,0.0007214,0.0006133,0.00062,0.0004231,0.0001831,0.0001159,0.0001171,0.0001442,0.0001376,0.0001078,0.0001219,0.0001175,0.00008389,0.00006651,0.00006216,0.00006836,0.00009037,0.00009804,0.00007549,0.00004465,0.00006629,0.0001891,0.0002863,0.0001889,0.00006117,0.00001902,0.00001071,0.000008405,0.00001186,0.00001288,0.00001647,0.00002211,0.00001862,0.0000137,0.00004523,0.00005677,0.00003197,0.00002752,0.00002288,0.00002067,0.00001962
0.0003018,0.0002815,0.0002806,0.0002915,0.0003181,0.0005685,0.0009364,0.000724,0.000478,0.000482,0.0005409,0.0006234,0.0009069,0.002272,0.003242,0.001929,0.00118,0.00119,0.001246,0.001289,0.001318,0.001335,0.001345,0.001339,0.001311,0.001286,0.001262,0.001243,0.001229,0.001216,0.001206,0.001208,0.001221,0.001244,0.001279,0.001313,0.001329,0.001332,0.001316,0.0013,0.001454,0.002154,0.001917,0.001273,0.001149,0.00113,0.00112,0.001118,0.001192,0.001351,0.0013,0.001141,0.001092,0.001086,0.00108,0.001074,0.001072,0.001065,0.001065,0.001076,0.001113,0.001151,0.001168,0.001135,0.001065,0.001029,0.001058,0.001197,0.001354,0.001504,0.001452,0.001144,0.0008836,0.0007035,0.000604,0.0005393,0.0004985,0.0004635,0.0004327,0.0003982,0.0003595,0.0003392,0.000317,0.0002843,0.0002607,0.0002408,0.0002239,0.0002073,0.0001982,0.0002107,0.0001934,0.0001753,0.0002066,0.000198,0.0001589,0.0002063,0.000208,0.0001704,0.0001521,0.0001286,0.0001172
0.0001971,0.0002067,0.0002262,0.0002526,0.0002971,0.0004771,0.000729,0.0006209,0.0004898,0.0005037,0.0005449,0.0005927,0.0007555,0.001567,0.002136,0.001323,0.0008544,0.0008446,0.0008673,0.0008897,0.0009085,0.0009245,0.000939,0.0009434,0.0009365,0.0009283,0.0009182,0.0009088,0.0008994,0.0008866,0.0008681,0.0008523,0.0008377,0.0008256,0.0008194,0.0008154,0.0008048,0.0007966,0.0007821,0.0007719,0.0008895,0.001405,0.001241,0.0007772,0.0006912,0.000681,0.0006748,0.0006729,0.0007239,0.0008331,0.0007962,0.0006841,0.0006486,0.0006427,0.0006366,0.0006315,0.0006284,0.0006227,0.0006221,0.0006286,0.0006527,0.0006769,0.0006874,0.0006674,0.0006236,0.0006026,0.000624,0.0007185,0.0008223,0.0009229,0.0008934,0.0006951,0.0005286,0.000414,0.0003532,0.0003142,0.0002893,0.0002679,0.0002494,0.0002287,0.0002072,0.0001974,0.0001828,0.0001599,0.000146,0.0001345,0.0001275,0.0001192,0.0001156,0.0001203,0.0001091,0.00009947,0.0001202,0.0001144,0.00009125,0.0001237,0.0001293,0.0001041,0.0001003,0.00008273,0.00007338
0.001702,0.001855,0.002048,0.00219,0.0024,0.00258,0.002733,0.002911,0.003122,0.003336,0.003544,0.003764,0.003984,0.004208,0.004381,0.004629,0.004869,0.005132,0.005388,0.005618,0.00589,0.006144,0.006411,0.006677,0.006921,0.007206,0.007479,0.007766,0.008078,0.008347,0.008638,0.008919,0.0092,0.009501,0.009805,0.01005,0.01034,0.01064,0.01094,0.01125,0.01156,0.01185,0.01214,0.01243,0.01268,0.01298,0.01326,0.01354,0.01382,0.01409,0.01433,0.01463,0.0149,0.01517,0.01544,0.01569,0.01596,0.01621,0.01641,0.01667,0.01689,0.01713,0.01735,0.0176,0.01781,0.01802,0.01822,0.01848,0.01876,0.019,0.01919,0.0194,0.01954,0.01972,0.01992,0.02011,0.02028,0.02046,0.02063,0.02079,0.02102,0.02111,0.02124,0.02138,0.02151,0.02161,0.02175,0.02185,0.02195,0.02211,0.02217,0.02218,0.02226,0.02235,0.02242,0.02246,0.02258,0.02267,0.02279,0.02281,0.02286
0.00008532,0.00008958,0.0001039,0.0001159,0.0001405,0.0001698,0.0002055,0.0002474,0.0002933,0.00034,0.0003805,0.0004212,0.0004573,0.0004957,0.0005277,0.0005689,0.0006108,0.0006567,0.0007021,0.0007442,0.0007907,0.0008366,0.0008854,0.0009357,0.0009826,0.001036,0.001088,0.001144,0.001203,0.001257,0.001317,0.001375,0.001433,0.001494,0.001557,0.00161,0.001672,0.001736,0.001798,0.00186,0.001922,0.001982,0.002042,0.002101,0.002151,0.002208,0.002264,0.00232,0.002379,0.002438,0.002495,0.00256,0.002622,0.002685,0.002749,0.00281,0.002874,0.002941,0.002994,0.003059,0.003119,0.003188,0.003257,0.003333,0.0034,0.003467,0.003533,0.003608,0.003681,0.00375,0.003813,0.00388,0.00393,0.003982,0.004037,0.004091,0.004139,0.004187,0.004237,0.004294,0.004365,0.004409,0.004465,0.004527,0.004585,0.004634,0.004692,0.004743,0.00479,0.004855,0.004894,0.004934,0.004982,0.005029,0.005075,0.005106,0.005152,0.005194,0.005236,0.005254,0.005282
0.0001576,0.0002014,0.0002647,0.0003281,0.0004877,0.001327,0.00241,0.001798,0.001137,0.001185,0.00136,0.00156,0.002451,0.006758,0.009329,0.005014,0.002513,0.002418,0.002535,0.002631,0.002732,0.00281,0.002877,0.002931,0.002949,0.002975,0.002982,0.002992,0.002998,0.002955,0.002914,0.002891,0.002879,0.002898,0.002952,0.003039,0.003213,0.003467,0.00379,0.004237,0.0057,0.008925,0.008592,0.006889,0.00698,0.007456,0.007884,0.008258,0.008751,0.009321,0.009079,0.008462,0.008025,0.00766,0.007259,0.006806,0.006317,0.005752,0.005241,0.004761,0.0043,0.003841,0.003401,0.003043,0.002718,0.00242,0.002108,0.001873,0.001666,0.001483,0.00131,0.001159,0.001029,0.0009123,0.0008149,0.0007222,0.0006535,0.0006109,0.0005601,0.0004849,0.0004437,0.0004055,0.0003816,0.0003535,0.000324,0.0002966,0.0002759,0.0002662,0.0002493,0.0002357,0.0002426,0.0002356,0.0002298,0.0003141,0.0009052,0.001049,0.000558,0.0003633,0.000283,0.0002294,0.0002799
0.0001903,0.0002057,0.0002501,0.0002984,0.0005108,0.001816,0.003551,0.002405,0.00114,0.00106,0.001214,0.001385,0.002815,0.01059,0.0154,0.007259,0.002384,0.002031,0.002106,0.002178,0.002253,0.002308,0.002359,0.002392,0.002396,0.00241,0.002415,0.002435,0.002442,0.002388,0.00235,0.002336,0.002346,0.002392,0.002481,0.002621,0.002901,0.003291,0.003816,0.004567,0.006857,0.01192,0.01183,0.009644,0.01024,0.01151,0.01276,0.014,0.01546,0.01707,0.01707,0.01628,0.01584,0.01546,0.01491,0.0142,0.01335,0.0123,0.01131,0.01035,0.009395,0.008424,0.007488,0.006712,0.00599,0.005313,0.00462,0.004089,0.00362,0.003192,0.002783,0.002422,0.002137,0.001877,0.001643,0.001422,0.001261,0.00115,0.001029,0.0008927,0.0007835,0.0007089,0.0006518,0.0005611,0.000496,0.0004574,0.0004268,0.0003797,0.0003702,0.0003818,0.0003437,0.0003055,0.00034,0.0003271,0.0002923,0.0003538,0.0003674,0.0003046,0.0002796,0.0002682,0.0002942
0.00008532,0.00008958,0.0001039,0.0001159,0.0001405,0.0001698,0.0002055,0.0002474,0.0002933,0.00034,0.0003805,0.0004212,0.0004573,0.0004957,0.0005277,0.0005689,0.0006108,0.0006567,0.0007021,0.0007442,0.0007907,0.0008366,0.0008854,0.0009357,0.0009826,0.001036,0.001088,0.001144,0.001203,0.001257,0.001317,0.001375,0.001433,0.001494,0.001557,0.00161,0.001672,0.001736,0.001798,0.00186,0.001922,0.001982,0.002042,0.002101,0.002151,0.002208,0.002264,0.00232,0.002379,0.002438,0.002495,0.00256,0.002622,0.002685,0.002749,0.00281,0.002874,0.002941,0.002994,0.003059,0.003119,0.003188,0.003257,0.003333,0.0034,0.003467,0.003533,0.003608,0.003681,0.00375,0.003813,0.00388,0.00393,0.003982,0.004037,0.004091,0.004139,0.004187,0.004237,0.004294,0.004365,0.004409,0.004465,0.004527,0.004585,0.004634,0.004692,0.004743,0.00479,0.004855,0.004894,0.004934,0.004982,0.005029,0.005075,0.005106,0.005152,0.005194,0.005236,0.005254, 5.2820e-03]])
